,,,,,,,,,,,,,,,,,,,,,,,,,,,,,,,,
DATA,Max:,,80,,,512.3292,,,,,,,,,,,,,,,,,,,,,,,,,MODEL,
,,,,,,,,,,,,,, ,,,,,,,,,,,,,,,,,,
,,,,,,,,,,,,,,,,,,,,,,,,,,,,,,,,
Survived,Pclass,Sex,Age,SibSp,Parch,Fare,Embarked,,Pclass_1,Pclass_2,Male,Age_N,SibSp,Parch,log_Fare,Embark_S,Embark_C,Ones,,Pclass_1,Pclass_2,Male,Age_N,SibSp,Parch,log_Fare,Embark_S,Embark_C,Const,,Linear,Loss
0,3,male,22,1,0,7.25,S,,0,0,1,0.275,1,0,0.9164539485,1,0,1,,0.1521662733,0.0206027254,0.2061753987,-0.4318824064,-0.4997904522,-0.4843081919,0.4731791371,-0.2033482936,0.1045426967,0.08211114666,,-0.09997297355,0.009994595441
1,1,female,38,1,0,71.2833,C,,1,0,0,0.475,1,0,1.859037971,0,1,1,,,,,,,,,,,,,0.5135435048,0.2366399217
1,3,female,26,0,0,7.925,S,,0,0,0,0.325,0,0,0.9506082248,1,0,1,,,,,,,,,,,,,0.1882090505,0.6590045456
1,1,female,35,1,0,53.1,S,,1,0,0,0.4375,1,0,1.733197265,1,0,1,,,,,,,,,,,,,0.1623029078,0.7017364183
0,3,male,35,0,0,8.05,S,,0,0,1,0.4375,0,0,0.9566485792,1,0,1,,,,,,,,,,,,,0.3486558482,0.1215609005
0,1,male,54,0,0,51.8625,S,,1,0,1,0.675,0,0,1.723147698,1,0,1,,,,,,,,,,,,,0.7609414418,0.5790318778
0,3,male,2,3,1,21.075,S,,0,0,1,0.025,3,1,1.343900712,1,0,1,,,,,,,,,,,,,-1.273632577,1.622139942
1,3,female,27,0,0,11.1333,S,,0,0,0,0.3375,0,0,1.083978936,1,0,1,,,,,,,,,,,, ,0.2459187584,0.5686385189
1,2,female,14,1,0,30.0708,C,,0,1,0,0.175,1,0,1.492352435,0,1,1,,,,,,,,,,,,,0.3380367332,0.4381953666
1,3,female,4,1,1,16.7,S,,0,0,0,0.05,1,1,1.247973266,1,0,1,,,,,,,,,,,,,-0.5364149979,2.360571046
1,1,female,58,0,0,26.55,S,,1,0,0,0.725,0,0,1.440121603,1,0,1,,,,,,,,,,,,,0.3992498793,0.3609007075
0,3,male,20,0,0,8.05,S,,0,0,1,0.25,0,0,0.9566485792,1,0,1,,,,,,,,,,,,,0.4296337994,0.1845852016
0,3,male,39,1,5,31.275,S,,0,0,1,0.4875,1,5,1.508866251,1,0,1,,,,,,,,,,,,,-2.332971802,5.442757429
0,3,female,14,0,0,7.8542,S,,0,0,0,0.175,0,0,0.9471493277,1,0,1,,,,,,,,,,,,,0.2513547336,0.06317920208
1,2,female,55,0,0,16,S,,0,1,0,0.6875,0,0,1.230448921,1,0,1,,,,,,,,,,,,,0.184669183,0.6647643412
0,3,male,2,4,1,29.125,Q,,0,0,1,0.025,4,1,1.478927056,0,0,1,,,,,,,,,,,,,-1.506183087,2.268587493
0,3,female,31,1,0,18,S,,0,0,0,0.3875,1,0,1.278753601,1,0,1,,,,,,,,,,,,,-0.1833025061,0.03359980874
0,2,male,35,0,0,26,S,,0,1,1,0.4375,0,0,1.431363764,1,0,1,,,,,,,,,,,,,0.5938838953,0.352698081
1,2,male,34,0,0,13,S,,0,1,1,0.425,0,0,1.146128036,1,0,1,,,,,,,,,,,,,0.4643148295,0.2869586019
1,3,female,15,0,0,8.0292,Q,,0,0,0,0.1875,0,0,0.9556492729,0,0,1,,,,,,,,,,,,,0.4533264938,0.2988519223
1,1,male,28,0,0,35.5,S,,1,0,1,0.35,0,0,1.562292864,1,0,1,,,,,,,,,,,,,0.8251900724,0.03055851077
0,3,female,8,3,1,21.075,S,,0,0,0,0.1,3,1,1.343900712,1,0,1,,,,,,,,,,,,,-1.512199157,2.286746289
1,3,female,38,1,5,31.3875,S,,0,0,0,0.475,1,5,1.510377426,1,0,1,,,,,,,,,,,,,-2.533033614,12.48232652
0,1,male,19,3,2,263,S,,1,0,1,0.2375,3,2,2.421603927,1,0,1,,,,,,,,,,,,,-1.18760283,1.410400482
0,1,male,40,0,0,27.7208,C,,1,0,1,0.5,0,0,1.458196533,0,1,1,,,,,,,,,,,,,1.019042489,1.038447595
0,2,male,66,0,0,10.5,S,,0,1,1,0.825,0,0,1.06069784,1,0,1,,,,,,,,,,,,,0.2511380808,0.06307033562
0,1,male,28,1,0,82.1708,C,,1,0,1,0.35,1,0,1.919970879,0,1,1,,,,,,,,,,,,,0.8025363848,0.644064649
0,1,male,42,1,0,52,S,,1,0,1,0.525,1,0,1.72427587,1,0,1,,,,,,,,,,,,,0.3264671777,0.1065808181
0,3,male,21,0,0,8.05,S,,0,0,1,0.2625,0,0,0.9566485792,1,0,1,,,,,,,,,,,,,0.4242352694,0.1799755638
0,3,female,18,2,0,18,S,,0,0,0,0.225,2,0,1.278753601,1,0,1,,,,,,,,,,,,,-0.6129120672,0.3756612022
1,3,female,14,1,0,11.2417,C,,0,0,0,0.175,1,0,1.087841732,0,1,1,,,,,,,,,,,,,0.1260279823,0.7638270877
0,3,female,40,1,0,9.475,S,,0,0,0,0.5,1,0,1.020154032,1,0,1,,,,,,,,,,,,,-0.3542531979,0.1254953282
0,2,female,27,1,0,21,S,,0,1,0,0.3375,1,0,1.342422681,1,0,1,,,,,,,,,,,,,-0.1109787801,0.01231628963
1,2,female,3,1,2,41.5792,C,,0,1,0,0.0375,1,2,1.629197497,0,1,1,,,,,,,,,,,,,-0.5064435913,2.269372294
1,3,female,19,0,0,7.8792,Q,,0,0,0,0.2375,0,0,0.9483738384,0,0,1,,,,,,,,,,,,,0.4282897897,0.3268525646
0,3,female,18,1,0,17.8,S,,0,0,0,0.225,1,0,1.274157849,1,0,1,,,,,,,,,,,,,-0.1152962289,0.01329322039
0,3,male,7,4,1,39.6875,S,,0,0,1,0.0875,4,1,1.609461006,1,0,1,,,,,,,,,,,,,-1.674758089,2.804814658
0,3,male,21,0,0,7.8,S,,0,0,1,0.2625,0,0,0.9444826722,1,0,1,,,,,,,,,,,,,0.418478616,0.175124352
1,1,female,49,1,0,76.7292,C,,1,0,0,0.6125,1,0,1.890584198,0,1,1,,,,,,,,,,,,,0.4690866901,0.2818689426
1,2,female,29,1,0,26,S,,0,1,0,0.3625,1,0,1.431363764,1,0,1,,,,,,,,,,,,,-0.07969077518,1.16573217
0,1,male,65,0,1,61.9792,C,,1,0,1,0.8125,0,1,1.79919714,0,1,1,,,,,,,,,,,,,0.5611254185,0.3148617353
1,2,female,21,0,0,10.5,S,,0,1,0,0.2625,0,0,1.06069784,1,0,1,,,,,,,,,,,,,0.2878965357,0.5070913439
0,3,male,28.5,0,0,7.2292,C,,0,0,1,0.35625,0,0,0.9153576174,0,1,1,,,,,,,,,,,,,0.6720992624,0.4517174186
1,2,female,5,1,2,27.75,S,,0,1,0,0.0625,1,2,1.458637849,1,0,1,,,,,,,,,,,,,-0.905836909,3.632214324
0,3,male,11,5,2,46.9,S,,0,0,1,0.1375,5,2,1.680335513,1,0,1,,,,,,,,,,,,,-2.646914515,7.006156452
0,3,male,22,0,0,7.2292,C,,0,0,1,0.275,0,0,0.9153576174,0,1,1,,,,,,,,,,,,,0.707189708,0.500117283
0,1,male,45,1,0,83.475,S,,1,0,1,0.5625,1,0,1.9267282,1,0,1,,,,,,,,,,,,,0.4060678067,0.1648910637
0,3,male,4,3,2,27.9,S,,0,0,1,0.05,3,2,1.460897843,1,0,1,,,,,,,,,,,,,-1.713377228,2.935661526
1,2,female,29,0,0,10.5,S,,0,1,0,0.3625,0,0,1.06069784,1,0,1,,,,,,,,,,,,,0.244708295,0.5704655596
0,3,male,19,0,0,8.1583,S,,0,0,1,0.2375,0,0,0.9618148657,1,0,1,,,,,,,,,,,,,0.4374769085,0.1913860455
1,3,female,17,4,2,7.925,S,,0,0,0,0.2125,4,2,0.9506082248,1,0,1,,,,,,,,,,,,,-2.730982371,13.92022945
0,3,male,26,2,0,8.6625,S,,0,0,1,0.325,2,0,0.9850895069,1,0,1,,,,,,,,,,,,,-0.5888806318,0.3467803985
0,2,male,32,0,0,10.5,S,,0,1,1,0.4,0,0,1.06069784,1,0,1,,,,,,,,,,,,,0.4346881035,0.1889537473
0,3,female,16,5,2,46.9,S,,0,0,0,0.2,5,2,1.680335513,1,0,1,,,,,,,,,,,,,-2.880082565,8.294875578
0,2,male,21,0,0,73.5,S,,0,1,1,0.2625,0,0,1.872156273,1,0,1,,,,,,,,,,,,,0.8780371353,0.7709492109
0,3,male,26,1,0,14.4542,C,,0,0,1,0.325,1,0,1.189046528,0,1,1,,,,,,,,,,,,,0.3153090182,0.09941977695
1,3,male,32,0,0,56.4958,S,,0,0,1,0.4,0,0,1.759636121,1,0,1,,,,,,,,,,,,,0.7448083907,0.06512275744
0,3,male,25,0,0,7.65,S,,0,0,1,0.3125,0,0,0.9370161075,1,0,1,,,,,,,,,,,,,0.393351473,0.1547253813
1,2,male,0.83,0,2,29,S,,0,1,1,0.010375,0,2,1.477121255,1,0,1,,,,,,,,,,,,,-0.1686132257,1.365656871
1,3,female,30,0,0,12.475,S,,0,0,0,0.375,0,0,1.129528774,1,0,1,,,,,,,,,,,,,0.2512764013,0.5605870273
0,3,male,22,0,0,9,S,,0,0,1,0.275,0,0,1,1,0,1,,,,,,,,,,,,,0.4393497272,0.1930281828
1,3,male,29,0,0,9.5,S,,0,0,1,0.3625,0,0,1.021189299,1,0,1,,,,,,,,,,,,,0.4115863509,0.3462306225
0,1,male,28,0,0,47.1,S,,1,0,1,0.35,0,0,1.682145076,1,0,1,,,,,,,,,,,,,0.8819016387,0.7777505003
1,2,female,17,0,0,10.5,S,,0,1,0,0.2125,0,0,1.06069784,1,0,1,,,,,,,,,,,,,0.309490656,0.4768031542
1,3,female,33,3,0,15.85,S,,0,0,0,0.4125,3,0,1.226599905,1,0,1,,,,,,,,,,,,,-1.218358511,4.921114485
0,3,male,16,1,3,34.375,S,,0,0,1,0.2,1,3,1.548696449,1,0,1,,,,,,,,,,,,,-1.221342408,1.491677278
1,1,female,23,3,2,263,S,,1,0,0,0.2875,3,2,2.421603927,1,0,1,,,,,,,,,,,,,-1.415372349,5.834023585
0,3,male,24,0,0,8.05,S,,0,0,1,0.3,0,0,0.9566485792,1,0,1,,,,,,,,,,,,,0.4080396791,0.1664963797
0,3,male,29,0,0,8.05,S,,0,0,1,0.3625,0,0,0.9566485792,1,0,1,,,,,,,,,,,,,0.3810470287,0.1451968381
0,3,male,20,0,0,7.8542,S,,0,0,1,0.25,0,0,0.9471493277,1,0,1,,,,,,,,,,,,,0.4251389518,0.1807431283
0,1,male,46,1,0,61.175,S,,1,0,1,0.575,1,0,1.793615794,1,0,1,,,,,,,,,,,,,0.337683263,0.1140299861
0,3,male,26,1,2,20.575,S,,0,0,1,0.325,1,2,1.333950804,1,0,1,,,,,,,,,,,,,-0.8926326756,0.7967930935
0,3,male,59,0,0,7.25,S,,0,0,1,0.7375,0,0,0.9164539485,1,0,1,,,,,,,,,,,,,0.2000718657,0.04002875144
0,1,male,71,0,0,34.6542,C,,1,0,1,0.8875,0,0,1.552110696,0,1,1,,,,,,,,,,,,,0.8961262798,0.8030423094
1,1,male,23,0,1,63.3583,C,,1,0,1,0.2875,0,1,1.808604564,0,1,1,,,,,,,,,,,,,0.7923150787,0.04313302652
1,2,female,34,0,1,23,S,,0,1,0,0.425,0,1,1.380211242,1,0,1,,,,,,,,,,,,,-0.1154054717,1.244129366
0,2,male,34,1,0,26,S,,0,1,1,0.425,1,0,1.431363764,1,0,1,,,,,,,,,,,,,0.09949197315,0.009898652721
0,3,female,28,0,0,7.8958,S,,0,0,0,0.35,0,0,0.9491850103,1,0,1,,,,,,,,,,,,,0.176738555,0.03123651682
0,1,male,21,0,1,77.2875,S,,1,0,1,0.2625,0,1,1.893692425,1,0,1,,,,,,,,,,,,,0.5354829491,0.2867419888
0,3,male,33,0,0,8.6542,S,,0,0,1,0.4125,0,0,0.9847162916,1,0,1,,,,,,,,,,,,,0.3727339643,0.1389306082
0,3,male,37,2,0,7.925,S,,0,0,1,0.4625,2,0,0.9506082248,1,0,1,,,,,,,,,,,,,-0.664580286,0.4416669565
0,3,male,28,0,0,7.8958,S,,0,0,1,0.35,0,0,0.9491850103,1,0,1,,,,,,,,,,,,,0.3829139537,0.146623096
1,3,female,21,0,0,7.65,S,,0,0,0,0.2625,0,0,0.9370161075,1,0,1,,,,,,,,,,,,,0.2087701946,0.6260446049
0,3,male,38,0,0,7.8958,S,,0,0,1,0.475,0,0,0.9491850103,1,0,1,,,,,,,,,,,,,0.3289286529,0.1081940587
0,1,male,47,0,0,52,S,,1,0,1,0.5875,0,0,1.72427587,1,0,1,,,,,,,,,,,,,0.7992649795,0.6388245075
0,3,female,14.5,1,0,14.4542,C,,0,0,0,0.18125,1,0,1.189046528,0,1,1,,,,,,,,,,,,,0.1712167154,0.02931516362
0,3,male,22,0,0,8.05,S,,0,0,1,0.275,0,0,0.9566485792,1,0,1,,,,,,,,,,,,,0.4188367393,0.1754242142
0,3,female,20,1,0,9.825,S,,0,0,0,0.25,1,0,1.034427905,1,0,1,,,,,,,,,,,,,-0.2395284972,0.05737390096
0,3,female,17,0,0,14.4583,C,,0,0,0,0.2125,0,0,1.189161731,0,1,1,,,,,,,,,,,,,0.657565354,0.4323921948
0,3,male,21,0,0,7.925,S,,0,0,1,0.2625,0,0,0.9506082248,1,0,1,,,,,,,,,,,,,0.4213770997,0.1775586601
0,3,male,70.5,0,0,7.75,Q,,0,0,1,0.88125,0,0,0.942008053,0,0,1,,,,,,,,,,,,,0.3534287325,0.1249118689
0,2,male,29,1,0,21,S,,0,1,1,0.3625,1,0,1.342422681,1,0,1,,,,,,,,,,,,,0.08439955848,0.007123285471
0,1,male,24,0,1,247.5208,C,,1,0,1,0.3,0,1,2.395362743,0,1,1,,,,,,,,,,,,,1.064558278,1.133284326
0,3,female,2,4,2,31.275,S,,0,0,0,0.025,4,2,1.508866251,1,0,1,,,,,,,,,,,,,-2.385848369,5.692272439
0,2,male,21,2,0,73.5,S,,0,1,1,0.2625,2,0,1.872156273,1,0,1,,,,,,,,,,,,,-0.1215437691,0.01477288781
0,2,male,32.5,1,0,30.0708,C,,0,1,1,0.40625,1,0,1.492352435,0,1,1,,,,,,,,,,,,,0.4443393255,0.1974374362
1,2,female,32.5,0,0,13,S,,0,1,0,0.40625,0,0,1.146128036,1,0,1,,,,,,,,,,,,,0.2662372258,0.5384078087
0,1,male,54,0,1,77.2875,S,,1,0,1,0.675,0,1,1.893692425,1,0,1,,,,,,,,,,,,,0.3573314565,0.1276857698
1,3,male,12,1,0,11.2417,C,,0,0,1,0.15,1,0,1.087841732,0,1,1,,,,,,,,,,,,,0.3430004412,0.4316484202
1,3,male,24,0,0,7.1417,S,,0,0,1,0.3,0,0,0.9107150957,1,0,1,,,,,,,,,,,,,0.3863049131,0.3766216597
0,3,male,45,0,0,6.975,S,,0,0,1,0.5625,0,0,0.9017306917,1,0,1,,,,,,,,,,,,,0.2686845488,0.07219138679
0,3,male,33,0,0,7.8958,C,,0,0,1,0.4125,0,0,0.9491850103,0,1,1,,,,,,,,,,,,,0.6638122937,0.4406467612
0,3,male,20,0,0,7.05,S,,0,0,1,0.25,0,0,0.9057958804,1,0,1,,,,,,,,,,,,,0.4055713633,0.1644881307
0,3,female,47,1,0,14.5,S,,0,0,0,0.5875,1,0,1.190331698,1,0,1,,,,,,,,,,,,,-0.311518387,0.09704370546
1,2,female,29,1,0,26,S,,0,1,0,0.3625,1,0,1.431363764,1,0,1,,,,,,,,,,,,,-0.07969077518,1.16573217
0,2,male,25,0,0,13,S,,0,1,1,0.3125,0,0,1.146128036,1,0,1,,,,,,,,,,,,,0.5129016002,0.2630680515
0,2,male,23,0,0,15.0458,C,,0,1,1,0.2875,0,0,1.205361375,0,1,1,,,,,,,,,,,,,0.8596176309,0.7389424714
1,1,female,19,0,2,26.2833,S,,1,0,0,0.2375,0,2,1.435896898,1,0,1,,,,,,,,,,,,,-0.3608228734,1.851838893
0,1,male,37,1,0,53.1,S,,1,0,1,0.4625,1,0,1.733197265,1,0,1,,,,,,,,,,,,,0.3576812464,0.127935874
0,3,male,16,0,0,9.2167,S,,0,0,1,0.2,0,0,1.009310641,1,0,1,,,,,,,,,,,,,0.4761465088,0.2267154978
0,1,male,24,0,0,79.2,C,,1,0,1,0.3,0,0,1.904174368,0,1,1,,,,,,,,,,,,,1.316446378,1.733031066
1,3,female,22,0,0,7.75,S,,0,0,0,0.275,0,0,0.942008053,1,0,1,,,,,,,,,,,,,0.205733749,0.6308588775
1,3,female,24,1,0,15.85,S,,0,0,0,0.3,1,0,1.226599905,1,0,1,,,,,,,,,,,,,-0.1701908363,1.369346593
0,3,male,19,0,0,6.75,Q,,0,0,1,0.2375,0,0,0.8893017025,0,0,1,,,,,,,,,,,,,0.6065134861,0.3678586089
0,2,male,18,0,0,11.5,S,,0,1,1,0.225,0,0,1.096910013,1,0,1,,,,,,,,,,,,,0.5274023692,0.2781532591
0,2,male,19,1,1,36.75,S,,0,1,1,0.2375,1,1,1.576916956,1,0,1,,,,,,,,,,,,,-0.2349655338,0.05520880207
1,3,male,27,0,0,7.7958,S,,0,0,1,0.3375,0,0,0.9442753458,1,0,1,,,,,,,,,,,,,0.385989333,0.3770090992
0,3,female,9,2,2,34.375,S,,0,0,0,0.1125,2,2,1.548696449,1,0,1,,,,,,,,,,,,,-1.405210357,1.974616146
0,2,male,36.5,0,2,26,S,,0,1,1,0.45625,0,2,1.431363764,1,0,1,,,,,,,,,,,,,-0.3828302836,0.146559026
0,2,male,42,0,0,13,S,,0,1,1,0.525,0,0,1.146128036,1,0,1,,,,,,,,,,,,,0.4211265888,0.1773476038
0,2,male,51,0,0,12.525,S,,0,1,1,0.6375,0,0,1.131137274,1,0,1,,,,,,,,,,,,,0.3654465023,0.1335511461
1,1,female,22,1,0,66.6,S,,1,0,0,0.275,1,0,1.829946696,1,0,1,,,,,,,,,,,,,0.278263611,0.5209034151
0,3,male,55.5,0,0,8.05,S,,0,0,1,0.69375,0,0,0.9566485792,1,0,1,,,,,,,,,,,,,0.2379859816,0.05663732744
0,3,male,40.5,0,2,14.5,S,,0,0,1,0.50625,0,2,1.190331698,1,0,1,,,,,,,,,,,,,-0.5390784743,0.2906056015
0,1,male,51,0,1,61.3792,C,,1,0,1,0.6375,0,1,1.795039801,0,1,1,,,,,,,,,,,,,0.6347376736,0.4028919143
1,3,female,16,0,0,7.7333,Q,,0,0,0,0.2,0,0,0.941178379,0,0,1,,,,,,,,,,,,,0.4410806387,0.3123908525
0,3,male,30,0,0,8.05,S,,0,0,1,0.375,0,0,0.9566485792,1,0,1,,,,,,,,,,,,,0.3756484986,0.1411117945
0,3,male,44,0,1,16.1,S,,0,0,1,0.55,0,1,1.23299611,1,0,1,,,,,,,,,,,,,-0.05347722796,0.002859813911
1,2,female,40,0,0,15.75,S,,0,1,0,0.5,0,0,1.224014811,1,0,1,,,,,,,,,,,,,0.2626026476,0.5437548554
0,3,male,26,0,0,7.775,S,,0,0,1,0.325,0,0,0.9432471251,1,0,1,,,,,,,,,,,,,0.3909013305,0.1528038502
0,3,male,17,0,0,8.6625,S,,0,0,1,0.2125,0,0,0.9850895069,1,0,1,,,,,,,,,,,,,0.4592870433,0.2109445882
0,3,male,1,4,1,39.6875,S,,0,0,1,0.0125,4,1,1.609461006,1,0,1,,,,,,,,,,,,,-1.642366909,2.697369063
1,3,male,9,0,2,20.525,S,,0,0,1,0.1125,0,2,1.33294316,1,0,1,,,,,,,,,,,,,-0.3015440083,1.694016805
0,3,female,45,1,4,27.9,S,,0,0,0,0.5625,1,4,1.460897843,1,0,1,,,,,,,,,,,,,-2.109927839,4.451795488
0,3,male,28,0,0,56.4958,S,,0,0,1,0.35,0,0,1.759636121,1,0,1,,,,,,,,,,,,,0.766402511,0.5873728089
0,1,male,61,0,0,33.5,S,,1,0,1,0.7625,0,0,1.537819095,1,0,1,,,,,,,,,,,,,0.6354581027,0.4038070003
0,3,male,4,4,1,29.125,Q,,0,0,1,0.05,4,1,1.478927056,0,0,1,,,,,,,,,,,,,-1.516980147,2.301228768
1,3,female,1,1,1,11.1333,S,,0,0,0,0.0125,1,1,1.083978936,1,0,1,,,,,,,,,,,,,-0.5978181035,2.553022692
0,3,male,21,0,0,7.925,S,,0,0,1,0.2625,0,0,0.9506082248,1,0,1,,,,,,,,,,,,,0.4213770997,0.1775586601
0,1,male,56,0,0,30.6958,C,,1,0,1,0.7,0,0,1.501001718,0,1,1,,,,,,,,,,,,,0.9529205287,0.908057534
0,3,male,18,1,1,7.8542,S,,0,0,1,0.225,1,1,0.9471493277,1,0,1,,,,,,,,,,,,,-0.5481626321,0.3004822712
0,1,female,50,0,0,28.7125,C,,1,0,0,0.625,0,0,1.472939195,0,1,1,,,,,,,,,,,,,0.76585771,0.5865380319
0,2,male,30,0,0,13,S,,0,1,1,0.375,0,0,1.146128036,1,0,1,,,,,,,,,,,,,0.4859089498,0.2361075075
0,3,male,36,0,0,0,S,,0,0,1,0.45,0,0,0,1,0,1,,,,,,,,,,,,,-0.1094088311,0.01197029232
0,3,male,9,4,2,31.3875,S,,0,0,1,0.1125,4,2,1.510377426,1,0,1,,,,,,,,,,,,,-2.216747624,4.913970029
1,2,male,1,2,1,39,S,,0,1,1,0.0125,2,1,1.602059991,1,0,1,,,,,,,,,,,,,-0.6256852848,2.642852645
1,3,female,4,0,2,22.025,S,,0,0,0,0.05,0,2,1.362199639,1,0,1,,,,,,,,,,,,,-0.4668832012,2.151746326
1,1,male,45,0,0,26.55,S,,1,0,1,0.5625,0,0,1.440121603,1,0,1,,,,,,,,,,,,,0.6756061691,0.1052313575
0,3,male,40,1,1,15.5,Q,,0,0,1,0.5,1,1,1.217483944,0,0,1,,,,,,,,,,,,,-0.3356652996,0.1126711934
0,3,male,36,0,0,7.8958,S,,0,0,1,0.45,0,0,0.9491850103,1,0,1,,,,,,,,,,,,,0.3397257131,0.1154135601
1,2,female,32,0,0,13,S,,0,1,0,0.4,0,0,1.146128036,1,0,1,,,,,,,,,,,,,0.2689364909,0.5344538544
0,2,male,19,0,0,13,S,,0,1,1,0.2375,0,0,1.146128036,1,0,1,,,,,,,,,,,,,0.5452927807,0.2973442166
1,3,female,19,1,0,7.8542,S,,0,0,0,0.2375,1,0,0.9471493277,1,0,1,,,,,,,,,,,,,-0.275428369,1.626717525
1,2,male,3,1,1,26,S,,0,1,1,0.0375,1,1,1.431363764,1,0,1,,,,,,,,,,,,,-0.2174617862,1.482213201
1,1,female,44,0,0,27.7208,C,,1,0,0,0.55,0,0,1.458196533,0,1,1,,,,,,,,,,,,,0.7912729704,0.0435669729
1,1,female,58,0,0,146.5208,C,,1,0,0,0.725,0,0,2.168853259,0,1,1,,,,,,,,,,,,,1.051961486,0.002699995999
0,3,male,42,0,1,8.4042,S,,0,0,1,0.525,0,1,0.9733218567,1,0,1,,,,,,,,,,,,,-0.1655526071,0.02740766571
0,2,female,24,0,0,13,S,,0,1,0,0.3,0,0,1.146128036,1,0,1,,,,,,,,,,,,,0.3121247315,0.09742184803
0,3,male,28,0,0,9.5,S,,0,0,1,0.35,0,0,1.021189299,1,0,1,,,,,,,,,,,,,0.4169848809,0.1738763909
0,3,male,34,0,0,6.4958,S,,0,0,1,0.425,0,0,0.8748179904,1,0,1,,,,,,,,,,,,,0.3153338509,0.09943543753
0,3,male,45.5,0,0,7.225,C,,0,0,1,0.56875,0,0,0.9151359066,0,1,1,,,,,,,,,,,,,0.5802193422,0.336654485
1,3,male,18,0,0,8.05,S,,0,0,1,0.225,0,0,0.9566485792,1,0,1,,,,,,,,,,,,,0.4404308596,0.3131176229
0,3,female,2,0,1,10.4625,S,,0,0,0,0.025,0,1,1.059279349,1,0,1,,,,,,,,,,,,,-0.1151135107,0.01325112036
0,3,male,32,1,0,15.85,S,,0,0,1,0.4,1,0,1.226599905,1,0,1,,,,,,,,,,,,,-0.00720367819,0.00005189297946
1,3,male,26,0,0,18.7875,C,,0,0,1,0.325,0,0,1.296390928,0,1,1,,,,,,,,,,,,,0.8658926007,0.01798479454
1,3,female,16,0,0,7.75,Q,,0,0,0,0.2,0,0,0.942008053,0,0,1,,,,,,,,,,,,,0.4414732231,0.3119521605
1,1,male,40,0,0,31,C,,1,0,1,0.5,0,0,1.505149978,0,1,1,,,,,,,,,,,,,1.04125988,0.001702377721
0,3,male,24,0,0,7.05,S,,0,0,1,0.3,0,0,0.9057958804,1,0,1,,,,,,,,,,,,,0.383977243,0.1474385231
1,2,female,35,0,0,21,S,,0,1,0,0.4375,0,0,1.342422681,1,0,1,,,,,,,,,,,,,0.3456234315,0.4282086935
0,3,male,22,0,0,7.25,S,,0,0,1,0.275,0,0,0.9164539485,1,0,1,,,,,,,,,,,,,0.3998174786,0.1598540162
0,2,male,30,0,0,13,S,,0,1,1,0.375,0,0,1.146128036,1,0,1,,,,,,,,,,,,,0.4859089498,0.2361075075
1,1,female,31,1,0,113.275,C,,1,0,0,0.3875,1,0,2.05795123,0,1,1,,,,,,,,,,,,,0.6454548193,0.1257022851
1,3,female,27,0,0,7.925,S,,0,0,0,0.3375,0,0,0.9506082248,1,0,1,,,,,,,,,,,,,0.1828105205,0.6677986455
0,2,male,42,1,0,27,S,,0,1,1,0.525,1,0,1.447158031,1,0,1,,,,,,,,,,,,,0.06377725023,0.004067537646
1,1,female,32,0,0,76.2917,C,,1,0,0,0.4,0,0,1.88813286,0,1,1,,,,,,,,,,,,,1.059492231,0.003539325605
0,2,male,30,0,0,10.5,S,,0,1,1,0.375,0,0,1.06069784,1,0,1,,,,,,,,,,,,,0.4454851637,0.198457031
1,3,male,16,0,0,8.05,S,,0,0,1,0.2,0,0,0.9566485792,1,0,1,,,,,,,,,,,,,0.4512279198,0.301150796
0,2,male,27,0,0,13,S,,0,1,1,0.3375,0,0,1.146128036,1,0,1,,,,,,,,,,,,,0.50210454,0.2521089691
0,3,male,51,0,0,8.05,S,,0,0,1,0.6375,0,0,0.9566485792,1,0,1,,,,,,,,,,,,,0.262279367,0.06879046634
1,1,male,38,1,0,90,S,,1,0,1,0.475,1,0,1.959041392,1,0,1,,,,,,,,,,,,,0.4591474455,0.2925214857
0,3,male,22,0,0,9.35,S,,0,0,1,0.275,0,0,1.01494035,1,0,1,,,,,,,,,,,,,0.446419189,0.1992900923
1,2,male,19,0,0,10.5,S,,0,1,1,0.2375,0,0,1.06069784,1,0,1,,,,,,,,,,,,,0.5048689945,0.2451547126
0,3,male,20.5,0,0,7.25,S,,0,0,1,0.25625,0,0,0.9164539485,1,0,1,,,,,,,,,,,,,0.4079152738,0.1663948706
0,2,male,18,0,0,13,S,,0,1,1,0.225,0,0,1.146128036,1,0,1,,,,,,,,,,,,,0.5506913107,0.3032609197
1,1,female,35,1,0,83.475,S,,1,0,0,0.4375,1,0,1.9267282,1,0,1,,,,,,,,,,,,,0.2538777088,0.5566984734
0,3,male,29,0,0,7.775,S,,0,0,1,0.3625,0,0,0.9432471251,1,0,1,,,,,,,,,,,,,0.3747057403,0.1404043918
0,2,male,59,0,0,13.5,S,,0,1,1,0.7375,0,0,1.161368002,1,0,1,,,,,,,,,,,,,0.3365628117,0.1132745262
1,3,female,5,4,2,31.3875,S,,0,0,0,0.0625,4,2,1.510377426,1,0,1,,,,,,,,,,,,,-2.401328903,11.5690383
0,2,male,24,0,0,10.5,S,,0,1,1,0.3,0,0,1.06069784,1,0,1,,,,,,,,,,,,,0.4778763441,0.2283658003
0,2,male,44,1,0,26,S,,0,1,1,0.55,1,0,1.431363764,1,0,1,,,,,,,,,,,,,0.04550667235,0.002070857228
1,2,female,8,0,2,26.25,S,,0,1,0,0.1,0,2,1.435366507,1,0,1,,,,,,,,,,,,,-0.4332535608,2.05421577
0,2,male,19,0,0,10.5,S,,0,1,1,0.2375,0,0,1.06069784,1,0,1,,,,,,,,,,,,,0.5048689945,0.2548927016
0,2,male,33,0,0,12.275,S,,0,1,1,0.4125,0,0,1.12303453,1,0,1,,,,,,,,,,,,,0.4587859943,0.2104845886
0,2,male,29,0,0,10.5,S,,0,1,1,0.3625,0,0,1.06069784,1,0,1,,,,,,,,,,,,,0.4508836937,0.2032961053
0,3,male,22,0,0,7.125,S,,0,0,1,0.275,0,0,0.9098233697,1,0,1,,,,,,,,,,,,,0.396680027,0.1573550438
0,3,male,30,0,0,7.225,C,,0,0,1,0.375,0,0,0.9151359066,0,1,1,,,,,,,,,,,,,0.6638965584,0.4407586403
0,1,male,44,2,0,90,Q,,1,0,1,0.55,2,0,1.959041392,0,0,1,,,,,,,,,,,,,0.1303141065,0.01698176635
0,3,female,25,0,0,7.775,S,,0,0,0,0.3125,0,0,0.9432471251,1,0,1,,,,,,,,,,,,,0.1901244619,0.03614731099
1,2,female,24,0,2,14.5,S,,0,1,0,0.3,0,2,1.190331698,1,0,1,,,,,,,,,,,,,-0.6355754013,2.675106893
1,1,male,37,1,1,52.5542,S,,1,0,1,0.4625,1,1,1.728793536,1,0,1,,,,,,,,,,,,,-0.1287106982,1.27398784
0,2,male,54,1,0,26,S,,0,1,1,0.675,1,0,1.431363764,1,0,1,,,,,,,,,,,,,-0.008478628452,0.00007188714043
0,3,female,29,1,1,10.4625,S,,0,0,0,0.3625,1,1,1.059279349,1,0,1,,,,,,,,,,,,,-0.7606642751,0.5786101394
0,1,male,62,0,0,26.55,S,,1,0,1,0.775,0,0,1.440121603,1,0,1,,,,,,,,,,,,,0.5838311577,0.3408588207
0,3,male,30,1,0,16.1,S,,0,0,1,0.375,1,0,1.23299611,1,0,1,,,,,,,,,,,,,0.006619932821,0.00004382351055
0,3,female,41,0,2,20.2125,S,,0,0,0,0.5125,0,2,1.326591855,1,0,1,,,,,,,,,,,,,-0.6834776745,0.4671417315
1,3,female,29,0,2,15.2458,C,,0,0,0,0.3625,0,2,1.210741102,0,1,1,,,,,,,,,,,,,-0.3656224825,1.864924765
1,1,female,30,0,0,86.5,S,,1,0,0,0.375,0,0,1.942008053,1,0,1,,,,,,,,,,,,,0.7878909188,0.04499026231
1,1,female,35,0,0,512.3292,C,,1,0,0,0.4375,0,0,2.710395969,0,1,1,,,,,,,,,,,,,1.43237439,0.1869476131
1,2,female,50,0,1,26,S,,0,1,0,0.625,0,1,1.431363764,1,0,1,,,,,,,,,,,,,-0.1775776465,1.386689114
1,3,male,3,4,2,31.3875,S,,0,0,1,0.0375,4,2,1.510377426,1,0,1,,,,,,,,,,,,,-2.184356444,10.14012596
0,1,male,52,1,1,79.65,S,,1,0,1,0.65,1,1,1.906604372,1,0,1,,,,,,,,,,,,,-0.1255522716,0.0157633729
0,1,male,40,0,0,0,S,,1,0,1,0.5,0,0,0,1,0,1,,,,,,,,,,,,,0.02116332191,0.0004478861943
0,2,male,36,0,0,10.5,S,,0,1,1,0.45,0,0,1.06069784,1,0,1,,,,,,,,,,,,,0.4130939832,0.1706466389
0,3,male,16,4,1,39.6875,S,,0,0,1,0.2,4,1,1.609461006,1,0,1,,,,,,,,,,,,,-1.72334486,2.969917507
1,3,male,25,1,0,7.775,S,,0,0,1,0.3125,1,0,0.9432471251,1,0,1,,,,,,,,,,,,,-0.1034905916,1.217691486
1,1,female,58,0,1,153.4625,S,,1,0,0,0.725,0,1,2.18882306,1,0,1,,,,,,,,,,,,,0.2692115966,0.5340516905
1,1,female,35,0,0,135.6333,S,,1,0,0,0.4375,0,0,2.135556558,1,0,1,,,,,,,,,,,,,0.8524813829,0.0217617424
1,3,male,25,0,0,0,S,,0,0,1,0.3125,0,0,0,1,0,1,,,,,,,,,,,,,-0.05002500021,1.102552501
1,2,female,41,0,1,19.5,S,,0,1,0,0.5125,0,1,1.311753861,1,0,1,,,,,,,,,,,,,-0.1855877866,1.4056184
0,1,male,37,0,1,29.7,C,,1,0,1,0.4625,0,1,1.487138375,0,1,1,,,,,,,,,,,,,0.564624564,0.3188008982
1,1,female,63,1,0,77.9583,S,,1,0,0,0.7875,1,0,1.897397789,1,0,1,,,,,,,,,,,,,0.0888403279,0.8302119481
0,3,female,45,0,0,7.75,S,,0,0,0,0.5625,0,0,0.942008053,1,0,1,,,,,,,,,,,,,0.08156755718,0.006653266384
0,3,male,7,4,1,29.125,Q,,0,0,1,0.0875,4,1,1.478927056,0,0,1,,,,,,,,,,,,,-1.533175738,2.350627843
1,3,female,35,1,1,20.25,S,,0,0,0,0.4375,1,1,1.327358934,1,0,1,,,,,,,,,,,,,-0.6662057885,2.77624173
0,3,male,65,0,0,7.75,Q,,0,0,1,0.8125,0,0,0.942008053,0,0,1,,,,,,,,,,,,,0.3831206479,0.1467814309
0,3,male,28,0,0,7.8542,S,,0,0,1,0.35,0,0,0.9471493277,1,0,1,,,,,,,,,,,,,0.3819507112,0.1458863458
0,3,male,16,0,0,9.5,S,,0,0,1,0.2,0,0,1.021189299,1,0,1,,,,,,,,,,,,,0.4817672419,0.2320996754
1,3,male,19,0,0,8.05,S,,0,0,1,0.2375,0,0,0.9566485792,1,0,1,,,,,,,,,,,,,0.4350323295,0.3191884687
0,3,male,33,0,0,8.6625,C,,0,0,1,0.4125,0,0,0.9850895069,0,1,1,,,,,,,,,,,,,0.6808015524,0.4634907537
1,3,male,30,0,0,9.5,S,,0,0,1,0.375,0,0,1.021189299,1,0,1,,,,,,,,,,,,,0.4061878208,0.3526129042
0,3,male,22,0,0,7.8958,S,,0,0,1,0.275,0,0,0.9491850103,1,0,1,,,,,,,,,,,,,0.4153051342,0.1724783545
1,2,male,42,0,0,13,S,,0,1,1,0.525,0,0,1.146128036,1,0,1,,,,,,,,,,,,,0.4211265888,0.3350944262
1,3,female,22,0,0,7.75,Q,,0,0,0,0.275,0,0,0.942008053,0,0,1,,,,,,,,,,,,,0.4090820426,0.3491840324
1,1,female,26,0,0,78.85,S,,1,0,0,0.325,0,0,1.90227492,1,0,1,,,,,,,,,,,,,0.7906841498,0.04381312515
1,1,female,19,1,0,91.0792,C,,1,0,0,0.2375,1,0,1.964161537,0,1,1,,,,,,,,,,,,,0.6658578545,0.1116509734
0,2,male,36,0,0,12.875,C,,0,1,1,0.45,0,0,1.142232992,0,1,1,,,,,,,,,,,,,0.7595657061,0.5769400619
0,3,female,24,0,0,8.85,S,,0,0,0,0.3,0,0,0.9934362305,1,0,1,,,,,,,,,,,,,0.2192714295,0.04807995979
0,3,male,24,0,0,7.8958,S,,0,0,1,0.3,0,0,0.9491850103,1,0,1,,,,,,,,,,,,,0.404508074,0.163626782
0,3,male,23.5,0,0,7.2292,C,,0,0,1,0.29375,0,0,0.9153576174,0,1,1,,,,,,,,,,,,,0.6990919128,0.4887295026
0,1,female,2,1,2,151.55,S,,1,0,0,0.025,1,2,2.183412212,1,0,1,,,,,,,,,,,,,-0.4151296632,0.1723326372
1,1,female,50,0,1,247.5208,C,,1,0,0,0.625,0,1,2.395362743,0,1,1,,,,,,,,,,,,,0.7180210967,0.07951210188
0,3,male,19,0,0,0,S,,0,0,1,0.2375,0,0,0,1,0,1,,,,,,,,,,,,,-0.01763381973,0.0003109515984
1,1,male,0.92,1,2,151.55,S,,1,0,1,0.0115,1,2,2.183412212,1,0,1,,,,,,,,,,,,,-0.203123852,1.447507003
1,1,female,17,1,0,108.9,C,,1,0,0,0.2125,1,0,2.040997692,0,1,1,,,,,,,,,,,,,0.7130121802,0.08236200871
0,2,male,30,1,0,24,C,,0,1,1,0.375,1,0,1.397940009,0,1,1,,,,,,,,,,,,,0.41316166,0.1707025573
1,1,female,30,0,0,56.9292,C,,1,0,0,0.375,0,0,1.762897531,0,1,1,,,,,,,,,,,,,1.011030547,0.0001216729651
1,1,female,24,0,0,83.1583,C,,1,0,0,0.3,0,0,1.925096954,0,1,1,,,,,,,,,,,,,1.12017111,0.0144410958
1,1,female,18,2,2,262.375,C,,1,0,0,0.225,2,2,2.420574549,0,1,1,,,,,,,,,,,,,-0.5811853365,2.500147068
0,2,female,26,1,1,26,S,,0,1,0,0.325,1,1,1.431363764,1,0,1,,,,,,,,,,,,,-0.5478033768,0.3000885396
0,3,male,28,0,0,7.8958,S,,0,0,1,0.35,0,0,0.9491850103,1,0,1,,,,,,,,,,,,,0.3829139537,0.146623096
0,2,male,43,1,1,26.25,S,,0,1,1,0.5375,1,1,1.435366507,1,0,1,,,,,,,,,,,,,-0.4315089752,0.1861999957
1,3,female,26,0,0,7.8542,S,,0,0,0,0.325,0,0,0.9471493277,1,0,1,,,,,,,,,,,,,0.1865723726,0.661664505
1,2,female,24,1,0,26,S,,0,1,0,0.3,1,0,1.431363764,1,0,1,,,,,,,,,,,,,-0.05269812478,1.108173342
0,2,male,54,0,0,14,S,,0,1,1,0.675,0,0,1.176091259,1,0,1,,,,,,,,,,,,,0.3705222,0.1372867007
1,1,female,31,0,2,164.8667,S,,1,0,0,0.3875,0,2,2.219759204,1,0,1,,,,,,,,,,,,,-0.05469794487,1.112387755
1,1,female,40,1,1,134.5,C,,1,0,0,0.5,1,1,2.131939295,0,1,1,,,,,,,,,,,,,0.1475694656,0.7266378159
0,3,male,22,0,0,7.25,S,,0,0,1,0.275,0,0,0.9164539485,1,0,1,,,,,,,,,,,,,0.3998174786,0.1598540162
0,3,male,27,0,0,7.8958,S,,0,0,1,0.3375,0,0,0.9491850103,1,0,1,,,,,,,,,,,,,0.3883124838,0.1507865851
1,2,female,30,0,0,12.35,Q,,0,1,0,0.375,0,0,1.125481266,0,0,1,,,,,,,,,,,,,0.4733122238,0.2774000136
1,2,female,22,1,1,29,S,,0,1,0,0.275,1,1,1.477121255,1,0,1,,,,,,,,,,,,,-0.5045577666,2.263694073
1,1,female,36,0,0,135.6333,C,,1,0,0,0.45,0,0,2.135556558,0,1,1,,,,,,,,,,,,,1.154973843,0.02401689205
0,3,male,61,0,0,6.2375,S,,0,0,1,0.7625,0,0,0.8595885767,1,0,1,,,,,,,,,,,,,0.1623672979,0.02636313944
1,2,female,36,0,0,13,S,,0,1,0,0.45,0,0,1.146128036,1,0,1,,,,,,,,,,,,,0.2473423706,0.5664935071
1,3,female,31,1,1,20.525,S,,0,0,0,0.3875,1,1,1.33294316,1,0,1,,,,,,,,,,,,,-0.6419693291,2.696063278
1,1,female,16,0,1,57.9792,C,,1,0,0,0.2,0,1,1.770698877,0,1,1,,,,,,,,,,,,,0.6059932106,0.1552413501
0,1,male,45.5,0,0,28.5,S,,1,0,1,0.56875,0,0,1.469822016,1,0,1,,,,,,,,,,,,,0.6869605198,0.4719147557
0,1,male,38,0,1,153.4625,S,,1,0,1,0.475,0,1,2.18882306,1,0,1,,,,,,,,,,,,,0.583357597,0.3403060859
0,3,male,16,2,0,18,S,,0,0,1,0.2,2,0,1.278753601,1,0,1,,,,,,,,,,,,,-0.3959396083,0.1567681735
0,1,male,29,1,0,66.6,S,,1,0,1,0.3625,1,0,1.829946696,1,0,1,,,,,,,,,,,,,0.4466492992,0.1994955965
1,1,female,41,0,0,134.5,C,,1,0,0,0.5125,0,0,2.131939295,0,1,1,,,,,,,,,,,,,1.12626958,0.01594400674
1,3,male,45,0,0,8.05,S,,0,0,1,0.5625,0,0,0.9566485792,1,0,1,,,,,,,,,,,,,0.2946705474,0.4974896366
0,1,male,45,0,0,35.5,S,,1,0,1,0.5625,0,0,1.562292864,1,0,1,,,,,,,,,,,,,0.7334150611,0.5378976518
1,2,male,2,1,1,26,S,,0,1,1,0.025,1,1,1.431363764,1,0,1,,,,,,,,,,,,,-0.2120632561,1.469097337
1,1,female,24,3,2,263,S,,1,0,0,0.3,3,2,2.421603927,1,0,1,,,,,,,,,,,,,-1.420770879,5.860131649
0,2,male,28,0,0,13,S,,0,1,1,0.35,0,0,1.146128036,1,0,1,,,,,,,,,,,,,0.4967060099,0.2467168603
0,2,male,25,0,0,13,S,,0,1,1,0.3125,0,0,1.146128036,1,0,1,,,,,,,,,,,,,0.5129016002,0.2630680515
0,2,male,36,0,0,13,S,,0,1,1,0.45,0,0,1.146128036,1,0,1,,,,,,,,,,,,,0.4535177693,0.2056783671
1,2,female,24,0,0,13,S,,0,1,0,0.3,0,0,1.146128036,1,0,1,,,,,,,,,,,,,0.3121247315,0.473172385
1,2,female,40,0,0,13,S,,0,1,0,0.5,0,0,1.146128036,1,0,1,,,,,,,,,,,,,0.2257482502,0.599465772
1,3,male,3,1,1,15.9,S,,0,0,1,0.0375,1,1,1.227886705,1,0,1,,,,,,,,,,,,,-0.3343456111,1.78047821
0,3,male,42,0,0,8.6625,S,,0,0,1,0.525,0,0,0.9850895069,1,0,1,,,,,,,,,,,,,0.3243237913,0.1051859216
0,3,male,23,0,0,9.225,S,,0,0,1,0.2875,0,0,1.009663317,1,0,1,,,,,,,,,,,,,0.4385236769,0.1923030152
0,3,male,15,1,1,7.2292,C,,0,0,1,0.1875,1,1,0.9153576174,0,1,1,,,,,,,,,,,,,-0.2391192255,0.05717800401
0,3,male,25,1,0,17.8,S,,0,0,1,0.3125,1,0,1.274157849,1,0,1,,,,,,,,,,,,,0.0530894593,0.002818490689
0,3,male,28,0,0,9.5,S,,0,0,1,0.35,0,0,1.021189299,1,0,1,,,,,,,,,,,,,0.4169848809,0.1738763909
1,1,female,22,0,1,55,S,,1,0,0,0.275,0,1,1.748188027,1,0,1,,,,,,,,,,,,,0.255059375,0.5549365348
0,2,female,38,0,0,13,S,,0,1,0,0.475,0,0,1.146128036,1,0,1,,,,,,,,,,,,,0.2365453104,0.05595368387
0,3,male,40,1,4,27.9,S,,0,0,1,0.5,1,4,1.460897843,1,0,1,,,,,,,,,,,,,-1.87675979,3.522227311
0,2,male,29,1,0,27.7208,C,,0,1,1,0.3625,1,0,1.458196533,0,1,1,,,,,,,,,,,,,0.4470723202,0.1998736595
0,3,female,45,0,1,14.4542,C,,0,0,0,0.5625,0,1,1.189046528,0,1,1,,,,,,,,,,,,,0.02204380827,0.0004859294829
0,3,male,35,0,0,7.05,S,,0,0,1,0.4375,0,0,0.9057958804,1,0,1,,,,,,,,,,,,,0.3245934121,0.1053608832
0,3,male,30,0,0,7.25,S,,0,0,1,0.375,0,0,0.9164539485,1,0,1,,,,,,,,,,,,,0.356629238,0.1271844134
1,1,female,60,1,0,75.25,C,,1,0,0,0.75,1,0,1.882239848,0,1,1,,,,,,,,,,,,,0.4057544869,0.3531277298
1,1,female,24,0,0,69.3,C,,1,0,0,0.3,0,0,1.846955325,0,1,1,,,,,,,,,,,,,1.083196122,0.006921594692
1,1,male,25,1,0,55.4417,C,,1,0,1,0.3125,1,0,1.751600086,0,1,1,,,,,,,,,,,,,0.7390624286,0.06808841616
0,3,male,18,1,0,6.4958,S,,0,0,1,0.225,1,0,0.8748179904,1,0,1,,,,,,,,,,,,,-0.09808012,0.00961970994
0,3,male,19,0,0,8.05,S,,0,0,1,0.2375,0,0,0.9566485792,1,0,1,,,,,,,,,,,,,0.4350323295,0.1892531277
0,1,male,22,0,0,135.6333,C,,1,0,1,0.275,0,0,2.135556558,0,1,1,,,,,,,,,,,,,1.436728663,2.064189251
0,3,female,3,3,1,21.075,S,,0,0,0,0.0375,3,1,1.343900712,1,0,1,,,,,,,,,,,,,-1.485206506,2.205838366
1,3,female,22,0,0,7.25,S,,0,0,0,0.275,0,0,0.9164539485,1,0,1,,,,,,,,,,,,,0.1936420799,0.6502130953
0,1,male,27,0,2,211.5,C,,1,0,1,0.3375,0,2,2.327358934,0,1,1,,,,,,,,,,,,,0.531876512,0.282892624
0,3,male,20,0,0,4.0125,C,,0,0,1,0.25,0,0,0.7000543856,0,1,1,,,,,,,,,,,,,0.6161097707,0.3795912495
0,3,male,19,0,0,7.775,S,,0,0,1,0.2375,0,0,0.9432471251,1,0,1,,,,,,,,,,,,,0.4286910411,0.1837760087
1,1,female,42,0,0,227.525,C,,1,0,0,0.525,0,0,2.358933718,0,1,1,,,,,,,,,,,,,1.228280074,0.0521117924
1,3,female,1,0,2,15.7417,C,,0,0,0,0.0125,0,2,1.223799555,0,1,1,,,,,,,,,,,,,-0.2082846527,1.459951802
0,3,male,32,0,0,7.925,S,,0,0,1,0.4,0,0,0.9506082248,1,0,1,,,,,,,,,,,,,0.3619932688,0.1310391267
1,1,female,35,1,0,52,S,,1,0,0,0.4375,1,0,1.72427587,1,0,1,,,,,,,,,,,,,0.1580814896,0.7088267782
0,2,male,18,0,0,73.5,S,,0,1,1,0.225,0,0,1.872156273,1,0,1,,,,,,,,,,,,,0.8942327255,0.7996521673
0,3,male,1,5,2,46.9,S,,0,0,1,0.0125,5,2,1.680335513,1,0,1,,,,,,,,,,,,,-2.592929215,6.723281912
1,2,female,36,0,0,13,S,,0,1,0,0.45,0,0,1.146128036,1,0,1,,,,,,,,,,,,,0.2473423706,0.5664935071
1,2,female,17,0,0,12,C,,0,1,0,0.2125,0,0,1.113943352,0,1,1,,,,,,,,,,,,,0.6425763117,0.1277516929
1,1,male,36,1,2,120,S,,1,0,1,0.45,1,2,2.08278537,1,0,1,,,,,,,,,,,,,-0.4401188093,2.073942185
1,3,male,21,0,0,7.7958,S,,0,0,1,0.2625,0,0,0.9442753458,1,0,1,,,,,,,,,,,,,0.4183805134,0.3382812271
0,3,male,28,2,0,7.925,S,,0,0,1,0.35,2,0,0.9506082248,1,0,1,,,,,,,,,,,,,-0.6159935153,0.3794480108
1,1,female,23,1,0,113.275,C,,1,0,0,0.2875,1,0,2.05795123,0,1,1,,,,,,,,,,,,,0.68864306,0.09694314409
1,3,female,24,0,2,16.7,S,,0,0,0,0.3,0,2,1.247973266,1,0,1,,,,,,,,,,,,,-0.6289033392,2.653326088
0,3,male,22,0,0,7.7958,S,,0,0,1,0.275,0,0,0.9442753458,1,0,1,,,,,,,,,,,,,0.4129819834,0.1705541186
0,3,female,31,0,0,7.8542,S,,0,0,0,0.3875,0,0,0.9471493277,1,0,1,,,,,,,,,,,,,0.1595797222,0.02546568774
0,2,male,46,0,0,26,S,,0,1,1,0.575,0,0,1.431363764,1,0,1,,,,,,,,,,,,,0.5345000644,0.2856903188
0,2,male,23,0,0,10.5,S,,0,1,1,0.2875,0,0,1.06069784,1,0,1,,,,,,,,,,,,,0.4832748742,0.2335546041
1,2,female,28,0,0,12.65,S,,0,1,0,0.35,0,0,1.135132651,1,0,1,,,,,,,,,,,,,0.2853278247,0.5107563181
1,3,male,39,0,0,7.925,S,,0,0,1,0.4875,0,0,0.9506082248,1,0,1,,,,,,,,,,,,,0.3242035582,0.4567008307
0,3,male,26,0,0,8.05,S,,0,0,1,0.325,0,0,0.9566485792,1,0,1,,,,,,,,,,,,,0.397242619,0.1578016983
0,3,female,21,1,0,9.825,S,,0,0,0,0.2625,1,0,1.034427905,1,0,1,,,,,,,,,,,,,-0.2449270273,0.05998924869
0,3,male,28,1,0,15.85,S,,0,0,1,0.35,1,0,1.226599905,1,0,1,,,,,,,,,,,,,0.01439044213,0.0002070848247
0,3,female,20,0,0,8.6625,S,,0,0,0,0.25,0,0,0.9850895069,1,0,1,,,,,,,,,,,,,0.2369160544,0.05612921681
0,2,male,34,1,0,21,S,,0,1,1,0.425,1,0,1.342422681,1,0,1,,,,,,,,,,,,,0.05740690808,0.003295553095
0,3,male,51,0,0,7.75,S,,0,0,1,0.6375,0,0,0.942008053,1,0,1,,,,,,,,,,,,,0.2553517754,0.06520452921
1,2,male,3,1,1,18.75,S,,0,1,1,0.0375,1,1,1.2955671,1,0,1,,,,,,,,,,,,,-0.2817179346,1.642800864
0,3,male,21,0,0,7.775,S,,0,0,1,0.2625,0,0,0.9432471251,1,0,1,,,,,,,,,,,,,0.4178939809,0.1746353793
1,1,female,33,1,0,90,Q,,1,0,0,0.4125,1,0,1.959041392,0,0,1,,,,,,,,,,,,,0.4833129908,0.2669654655
1,3,male,44,0,0,7.925,S,,0,0,1,0.55,0,0,0.9506082248,1,0,1,,,,,,,,,,,,,0.2972109078,0.4939125081
1,2,female,34,1,1,32.5,S,,0,1,0,0.425,1,1,1.525044807,1,0,1,,,,,,,,,,,,,-0.5466637024,2.392168608
1,2,female,18,0,2,13,S,,0,1,0,0.225,0,2,1.146128036,1,0,1,,,,,,,,,,,,,-0.6241004717,2.637702342
0,2,male,30,0,0,13,S,,0,1,1,0.375,0,0,1.146128036,1,0,1,,,,,,,,,,,,,0.4859089498,0.2361075075
0,3,female,10,0,2,24.15,S,,0,0,0,0.125,0,2,1.400537989,1,0,1,,,,,,,,,,,,,-0.4811334741,0.2314894199
0,3,male,21,0,0,7.7333,Q,,0,0,1,0.2625,0,0,0.941178379,0,0,1,,,,,,,,,,,,,0.620263387,0.3847266692
0,3,male,29,0,0,7.875,S,,0,0,1,0.3625,0,0,0.9481683617,1,0,1,,,,,,,,,,,,,0.3770343667,0.1421549137
0,3,female,28,1,1,14.4,S,,0,0,0,0.35,1,1,1.187520721,1,0,1,,,,,,,,,,,,,-0.6945846032,0.482447771
0,3,male,18,1,1,20.2125,S,,0,0,1,0.225,1,1,1.326591855,1,0,1,,,,,,,,,,,,,-0.3686183442,0.1358794837
1,2,female,28,1,0,26,S,,0,1,0,0.35,1,0,1.431363764,1,0,1,,,,,,,,,,,,,-0.0742922451,1.154103828
1,2,female,19,0,0,26,S,,0,1,0,0.2375,0,0,1.431363764,1,0,1,,,,,,,,,,,,,0.4740849778,0.2765866106
1,3,male,32,0,0,8.05,S,,0,0,1,0.4,0,0,0.9566485792,1,0,1,,,,,,,,,,,,,0.3648514385,0.4034136952
1,1,male,28,0,0,26.55,S,,1,0,1,0.35,0,0,1.440121603,1,0,1,,,,,,,,,,,,,0.7673811805,0.05411151521
1,2,female,42,1,0,26,S,,0,1,0,0.525,1,0,1.431363764,1,0,1,,,,,,,,,,,,,-0.1498716662,1.322204849
0,3,male,17,0,0,7.125,S,,0,0,1,0.2125,0,0,0.9098233697,1,0,1,,,,,,,,,,,,,0.4236726774,0.1794985376
0,1,male,50,1,0,55.9,S,,1,0,1,0.625,1,0,1.755112266,1,0,1,,,,,,,,,,,,,0.2978700767,0.08872658261
1,1,female,14,1,2,120,S,,1,0,0,0.175,1,2,2.08278537,1,0,1,,,,,,,,,,,,,-0.5275265462,2.333337349
0,3,female,21,2,2,34.375,S,,0,0,0,0.2625,2,2,1.548696449,1,0,1,,,,,,,,,,,,,-1.469992717,2.160878589
1,2,female,24,2,3,18.75,S,,0,1,0,0.3,2,3,1.2955671,1,0,1,,,,,,,,,,,,,-2.069669301,9.422869617
0,1,male,64,1,4,263,S,,1,0,1,0.8,1,4,2.421603927,1,0,1,,,,,,,,,,,,,-1.399572163,1.958802239
0,2,male,31,0,0,10.5,S,,0,1,1,0.3875,0,0,1.06069784,1,0,1,,,,,,,,,,,,,0.4400866336,0.1936762451
1,2,female,45,1,1,26.25,S,,0,1,0,0.5625,1,1,1.435366507,1,0,1,,,,,,,,,,,,,-0.6484814341,2.717491039
0,3,male,20,0,0,9.5,S,,0,0,1,0.25,0,0,1.021189299,1,0,1,,,,,,,,,,,,,0.4601731216,0.2117593018
0,3,male,25,1,0,7.775,S,,0,0,1,0.3125,1,0,0.9432471251,1,0,1,,,,,,,,,,,,,-0.1034905916,0.01071030255
1,2,female,28,0,0,13,S,,0,1,0,0.35,0,0,1.146128036,1,0,1,,,,,,,,,,,,,0.2905306112,0.5033468136
1,1,male,4,0,2,81.8583,S,,1,0,1,0.05,0,2,1.918336019,1,0,1,,,,,,,,,,,,,0.1546106031,0.7146832323
1,2,female,13,0,1,19.5,S,,0,1,0,0.1625,0,1,1.311753861,1,0,1,,,,,,,,,,,,,-0.03442894431,1.070043241
1,1,male,34,0,0,26.55,S,,1,0,1,0.425,0,0,1.440121603,1,0,1,,,,,,,,,,,,,0.73499,0.07023030011
1,3,female,5,2,1,19.2583,C,,0,0,0,0.0625,2,1,1.306602998,0,1,1,,,,,,,,,,,,,-0.7059706239,2.91033577
1,1,male,52,0,0,30.5,S,,1,0,1,0.65,0,0,1.498310554,1,0,1,,,,,,,,,,,,,0.665350256,0.1119904512
0,2,male,36,1,2,27.75,S,,0,1,1,0.45,1,2,1.458637849,1,0,1,,,,,,,,,,,,,-0.8670159428,0.751716645
0,1,male,30,0,0,27.75,C,,1,0,1,0.375,0,0,1.458637849,0,1,1,,,,,,,,,,,,,1.073236612,1.151836825
1,1,male,49,1,0,89.1042,C,,1,0,1,0.6125,1,0,1.954745035,0,1,1,,,,,,,,,,,,,0.7056216584,0.086658608
1,3,male,29,0,0,7.8958,C,,0,0,1,0.3625,0,0,0.9491850103,0,1,1,,,,,,,,,,,,,0.685406414,0.09896912436
0,1,male,65,0,0,26.55,S,,1,0,1,0.8125,0,0,1.440121603,1,0,1,,,,,,,,,,,,,0.5676355675,0.3222101375
1,2,female,50,0,0,10.5,S,,0,1,0,0.625,0,0,1.06069784,1,0,1,,,,,,,,,,,,,0.1313391633,0.7545716492
1,1,male,48,0,0,26.55,S,,1,0,1,0.6,0,0,1.440121603,1,0,1,,,,,,,,,,,,,0.6594105789,0.1160011538
0,3,male,34,0,0,8.05,S,,0,0,1,0.425,0,0,0.9566485792,1,0,1,,,,,,,,,,,,,0.3540543783,0.1253545028
0,1,male,47,0,0,38.5,S,,1,0,1,0.5875,0,0,1.596597096,1,0,1,,,,,,,,,,,,,0.7388500474,0.5458993926
0,2,male,48,0,0,13,S,,0,1,1,0.6,0,0,1.146128036,1,0,1,,,,,,,,,,,,,0.3887354083,0.1511152177
0,3,male,38,0,0,7.05,S,,0,0,1,0.475,0,0,0.9057958804,1,0,1,,,,,,,,,,,,,0.3083978219,0.09510921652
0,1,male,56,0,0,26.55,S,,1,0,1,0.7,0,0,1.440121603,1,0,1,,,,,,,,,,,,,0.6162223382,0.3797299701
1,3,female,0.75,2,1,19.2583,C,,0,0,0,0.009375,2,1,1.306602998,0,1,1,,,,,,,,,,,,,-0.6830268711,2.832579449
0,3,male,38,0,0,8.6625,S,,0,0,1,0.475,0,0,0.9850895069,1,0,1,,,,,,,,,,,,,0.3459179116,0.1196592016
1,2,female,33,1,2,27.75,S,,0,1,0,0.4125,1,2,1.458637849,1,0,1,,,,,,,,,,,,,-1.056995751,4.231231521
1,2,female,23,0,0,13.7917,C,,0,1,0,0.2875,0,0,1.17001809,0,1,1,,,,,,,,,,,,,0.6367185273,0.1319734284
0,3,female,22,0,0,9.8375,S,,0,0,0,0.275,0,0,1.03492911,1,0,1,,,,,,,,,,,,,0.2497020548,0.06235111618
0,2,male,34,1,0,21,S,,0,1,1,0.425,1,0,1.342422681,1,0,1,,,,,,,,,,,,,0.05740690808,0.003295553095
0,3,male,29,1,0,7.0458,S,,0,0,1,0.3625,1,0,0.9055692328,1,0,1,,,,,,,,,,,,,-0.1429131045,0.02042415544
0,3,male,22,0,0,7.5208,S,,0,0,1,0.275,0,0,0.9304803717,1,0,1,,,,,,,,,,,,,0.4064544894,0.165205252
1,3,female,2,0,1,12.2875,S,,0,0,0,0.025,0,1,1.123443278,1,0,1,,,,,,,,,,,,,-0.08475247826,1.176687939
0,3,male,9,5,2,46.9,S,,0,0,1,0.1125,5,2,1.680335513,1,0,1,,,,,,,,,,,,,-2.636117455,6.949115238
0,3,male,50,0,0,8.05,S,,0,0,1,0.625,0,0,0.9566485792,1,0,1,,,,,,,,,,,,,0.2676778971,0.07165145657
1,3,female,63,0,0,9.5875,S,,0,0,0,0.7875,0,0,1.024793423,1,0,1,,,,,,,,,,,,,0.02356632583,0.9534227201
1,1,male,25,1,0,91.0792,C,,1,0,1,0.3125,1,0,1.964161537,0,1,1,,,,,,,,,,,,,0.8396420728,0.02571466483
1,1,female,35,1,0,90,S,,1,0,0,0.4375,1,0,1.959041392,1,0,1,,,,,,,,,,,,,0.2691676371,0.5341159427
0,1,male,58,0,0,29.7,C,,1,0,1,0.725,0,0,1.487138375,0,1,1,,,,,,,,,,,,,0.9355636241,0.8752792948
0,3,male,30,0,0,8.05,S,,0,0,1,0.375,0,0,0.9566485792,1,0,1,,,,,,,,,,,,,0.3756484986,0.1411117945
1,3,male,9,1,1,15.9,S,,0,0,1,0.1125,1,1,1.227886705,1,0,1,,,,,,,,,,,,,-0.3667367916,1.867969457
0,3,male,21,0,0,7.25,S,,0,0,1,0.2625,0,0,0.9164539485,1,0,1,,,,,,,,,,,,,0.4052160087,0.1642000137
0,1,male,55,0,0,30.5,S,,1,0,1,0.6875,0,0,1.498310554,1,0,1,,,,,,,,,,,,,0.6491546657,0.42140178
0,1,male,71,0,0,49.5042,C,,1,0,1,0.8875,0,0,1.703327496,0,1,1,,,,,,,,,,,,,0.9676789147,0.9364024819
0,3,male,21,0,0,8.05,S,,0,0,1,0.2625,0,0,0.9566485792,1,0,1,,,,,,,,,,,,,0.4242352694,0.1799755638
1,1,female,54,1,0,78.2667,C,,1,0,0,0.675,1,0,1.899090778,0,1,1,,,,,,,,,,,,,0.446119176,0.3067839672
0,1,female,25,1,2,151.55,S,,1,0,0,0.3125,1,2,2.183412212,1,0,1,,,,,,,,,,,,,-0.539295855,0.2908400192
0,3,male,24,0,0,7.7958,S,,0,0,1,0.3,0,0,0.9442753458,1,0,1,,,,,,,,,,,,,0.4021849232,0.1617527125
0,3,male,17,0,0,8.6625,S,,0,0,1,0.2125,0,0,0.9850895069,1,0,1,,,,,,,,,,,,,0.4592870433,0.2109445882
0,3,female,21,0,0,7.75,Q,,0,0,0,0.2625,0,0,0.942008053,0,0,1,,,,,,,,,,,,,0.4144805727,0.1717941451
0,3,female,37,0,0,9.5875,S,,0,0,0,0.4625,0,0,1.024793423,1,0,1,,,,,,,,,,,,,0.1639281079,0.02687242456
1,1,female,16,0,0,86.5,S,,1,0,0,0.2,0,0,1.942008053,1,0,1,,,,,,,,,,,,,0.86347034,0.01864034807
0,1,male,18,1,0,108.9,C,,1,0,1,0.225,1,0,2.040997692,0,1,1,,,,,,,,,,,,,0.9137890489,0.8350104258
1,2,female,33,0,2,26,S,,0,1,0,0.4125,0,2,1.431363764,1,0,1,,,,,,,,,,,,,-0.570110827,2.465248009
0,3,male,28,0,0,22.525,S,,0,0,1,0.35,0,0,1.371529632,1,0,1,,,,,,,,,,,,,0.5827586174,0.3396076062
1,3,male,26,0,0,56.4958,S,,0,0,1,0.325,0,0,1.759636121,1,0,1,,,,,,,,,,,,,0.7771995712,0.04964003107
1,3,male,29,0,0,7.75,Q,,0,0,1,0.3625,0,0,0.942008053,0,0,1,,,,,,,,,,,,,0.5774677308,0.1785335185
1,1,male,36,0,0,26.2875,S,,1,0,1,0.45,0,0,1.435963749,1,0,1,,,,,,,,,,,,,0.7222255298,0.07715865628
1,1,female,54,1,0,59.4,C,,1,0,0,0.675,1,0,1.781036939,0,1,1,,,,,,,,,,,,,0.3902585621,0.3717846211
0,3,male,24,0,0,7.4958,S,,0,0,1,0.3,0,0,0.9292042801,1,0,1,,,,,,,,,,,,,0.3950536094,0.1560673543
0,1,male,47,0,0,34.0208,S,,1,0,1,0.5875,0,0,1.544326063,1,0,1,,,,,,,,,,,,,0.7141164852,0.5099623544
1,2,female,34,0,0,10.5,S,,0,1,0,0.425,0,0,1.06069784,1,0,1,,,,,,,,,,,,,0.2177156446,0.6119688127
1,2,female,36,1,0,26,S,,0,1,0,0.45,1,0,1.431363764,1,0,1,,,,,,,,,,,,,-0.1174804857,1.248762636
0,3,male,32,0,0,7.8958,S,,0,0,1,0.4,0,0,0.9491850103,1,0,1,,,,,,,,,,,,,0.3613198334,0.130552022
1,1,female,30,0,0,93.5,S,,1,0,0,0.375,0,0,1.975431809,1,0,1,,,,,,,,,,,,,0.8037063426,0.03853119992
0,3,male,22,0,0,7.8958,S,,0,0,1,0.275,0,0,0.9491850103,1,0,1,,,,,,,,,,,,,0.4153051342,0.1724783545
1,1,female,44,0,1,57.9792,C,,1,0,0,0.55,0,1,1.770698877,0,1,1,,,,,,,,,,,,,0.4548343683,0.297205566
0,3,male,40.5,0,0,7.75,Q,,0,0,1,0.50625,0,0,0.942008053,0,0,1,,,,,,,,,,,,,0.5153846349,0.2656213219
1,2,female,50,0,0,10.5,S,,0,1,0,0.625,0,0,1.06069784,1,0,1,,,,,,,,,,,,,0.1313391633,0.7545716492
0,3,male,39,0,0,7.925,S,,0,0,1,0.4875,0,0,0.9506082248,1,0,1,,,,,,,,,,,,,0.3242035582,0.1051079472
0,2,male,23,2,1,11.5,S,,0,1,1,0.2875,2,1,1.096910013,1,0,1,,,,,,,,,,,,,-0.9834793774,0.9672316858
1,2,female,2,1,1,26,S,,0,1,0,0.025,1,1,1.431363764,1,0,1,,,,,,,,,,,,,-0.4182386549,2.011400882
0,3,male,17,1,1,7.2292,C,,0,0,1,0.2125,1,1,0.9153576174,0,1,1,,,,,,,,,,,,,-0.2499162857,0.06245814985
0,3,female,30,0,0,8.6625,S,,0,0,0,0.375,0,0,0.9850895069,1,0,1,,,,,,,,,,,,,0.1829307536,0.0334636606
1,2,female,7,0,2,26.25,S,,0,1,0,0.0875,0,2,1.435366507,1,0,1,,,,,,,,,,,,,-0.4278550307,2.038769989
0,1,male,45,0,0,26.55,S,,1,0,1,0.5625,0,0,1.440121603,1,0,1,,,,,,,,,,,,,0.6756061691,0.4564436957
1,1,female,30,0,0,106.425,C,,1,0,0,0.375,0,0,2.031105362,0,1,1,,,,,,,,,,,,,1.137940897,0.01902769111
1,1,female,22,0,2,49.5,C,,1,0,0,0.275,0,2,1.703291378,0,1,1,,,,,,,,,,,,,0.05739801587,0.8884985005
1,1,female,36,0,2,71,S,,1,0,0,0.45,0,2,1.857332496,1,0,1,,,,,,,,,,,,,-0.2531833521,1.570468514
0,3,female,9,4,2,31.275,S,,0,0,0,0.1125,4,2,1.508866251,1,0,1,,,,,,,,,,,,,-2.423638079,5.87402154
0,3,female,11,4,2,31.275,S,,0,0,0,0.1375,4,2,1.508866251,1,0,1,,,,,,,,,,,,,-2.43443514,5.926474449
1,2,male,32,1,0,26,S,,0,1,1,0.4,1,0,1.431363764,1,0,1,,,,,,,,,,,,,0.1102890333,0.7915856043
0,1,male,50,1,0,106.425,C,,1,0,1,0.625,1,0,2.031105362,0,1,1,,,,,,,,,,,,,0.7363552421,0.5422190425
0,1,male,64,0,0,26,S,,1,0,1,0.8,0,0,1.431363764,1,0,1,,,,,,,,,,,,,0.5688900709,0.3236359127
1,2,female,19,1,0,26,S,,0,1,0,0.2375,1,0,1.431363764,1,0,1,,,,,,,,,,,,,-0.02570547438,1.05207172
0,3,male,33,1,1,20.525,S,,0,0,1,0.4125,1,1,1.33294316,1,0,1,,,,,,,,,,,,,-0.4465909905,0.1994435128
1,2,male,8,1,1,36.75,S,,0,1,1,0.1,1,1,1.576916956,1,0,1,,,,,,,,,,,,,-0.1755817029,1.38199234
1,1,male,17,0,2,110.8833,C,,1,0,1,0.2125,0,2,2.048765267,0,1,1,,,,,,,,,,,,,0.4540371018,0.2980754862
0,2,male,27,0,0,26,S,,0,1,1,0.3375,0,0,1.431363764,1,0,1,,,,,,,,,,,,,0.6370721359,0.4058609063
1,3,male,22,0,0,7.225,C,,0,0,1,0.275,0,0,0.9151359066,0,1,1,,,,,,,,,,,,,0.707084799,0.08579931495
1,3,female,22,0,0,7.775,S,,0,0,0,0.275,0,0,0.9432471251,1,0,1,,,,,,,,,,,,,0.2063200521,0.6299278597
0,1,male,62,0,0,26.55,S,,1,0,1,0.775,0,0,1.440121603,1,0,1,,,,,,,,,,,,,0.5838311577,0.3408588207
1,1,female,48,1,0,39.6,C,,1,0,0,0.6,1,0,1.608526034,0,1,1,,,,,,,,,,,,,0.3410211814,0.4342530834
1,1,female,39,1,1,79.65,S,,1,0,0,0.4875,1,1,1.906604372,1,0,1,,,,,,,,,,,,,-0.2615467793,1.591500276
1,3,female,36,1,0,17.4,S,,0,0,0,0.45,1,0,1.264817823,1,0,1,,,,,,,,,,,,,-0.2168892759,1.48081951
0,3,male,40,0,0,7.8958,S,,0,0,1,0.5,0,0,0.9491850103,1,0,1,,,,,,,,,,,,,0.3181315928,0.1012077103
0,2,male,28,0,0,13.5,S,,0,1,1,0.35,0,0,1.161368002,1,0,1,,,,,,,,,,,,,0.5039172442,0.253932589
0,3,male,24,2,0,24.15,S,,0,0,1,0.3,2,0,1.400537989,1,0,1,,,,,,,,,,,,,-0.3815020171,0.1455437891
0,3,male,19,0,0,7.8958,S,,0,0,1,0.2375,0,0,0.9491850103,1,0,1,,,,,,,,,,,,,0.4315007244,0.1861928752
0,3,female,29,0,4,21.075,S,,0,0,0,0.3625,0,4,1.343900712,1,0,1,,,,,,,,,,,,,-1.579121507,2.493624735
1,3,male,32,0,0,7.8542,S,,0,0,1,0.4,0,0,0.9471493277,1,0,1,,,,,,,,,,,,,0.3603565908,0.4091436909
1,2,male,62,0,0,10.5,S,,0,1,1,0.775,0,0,1.06069784,1,0,1,,,,,,,,,,,,,0.2727322011,0.5289184513
1,1,female,53,2,0,51.4792,S,,1,0,0,0.6625,2,0,1.719987206,1,0,1,,,,,,,,,,,,,-0.4409118102,2.076226845
1,1,male,36,0,0,26.3875,S,,1,0,1,0.45,0,0,1.437552391,1,0,1,,,,,,,,,,,,,0.722977242,0.07674160845
0,3,male,16,0,0,8.05,S,,0,0,1,0.2,0,0,0.9566485792,1,0,1,,,,,,,,,,,,,0.4512279198,0.2036066356
0,3,male,19,0,0,14.5,S,,0,0,1,0.2375,0,0,1.190331698,1,0,1,,,,,,,,,,,,,0.5456063061,0.2976862413
1,2,female,34,0,0,13,S,,0,1,0,0.425,0,0,1.146128036,1,0,1,,,,,,,,,,,,,0.2581394307,0.5503571042
1,1,female,39,1,0,55.9,S,,1,0,0,0.4875,1,0,1.755112266,1,0,1,,,,,,,,,,,,,0.1510785089,0.7206676981
1,3,male,32,0,0,7.925,S,,0,0,1,0.4,0,0,0.9506082248,1,0,1,,,,,,,,,,,,,0.3619932688,0.4070525891
1,2,female,25,1,1,30,S,,0,1,0,0.3125,1,1,1.491361694,1,0,1,,,,,,,,,,,,,-0.5140150781,2.292241657
1,1,female,39,1,1,110.8833,C,,1,0,0,0.4875,1,1,2.048765267,0,1,1,,,,,,,,,,,,,0.113611781,0.7856840747
0,2,male,54,0,0,26,S,,0,1,1,0.675,0,0,1.431363764,1,0,1,,,,,,,,,,,,,0.4913118237,0.2413873081
0,1,male,36,0,0,40.125,C,,1,0,1,0.45,0,0,1.614105911,0,1,1,,,,,,,,,,,,,1.114409675,1.241908923
1,1,female,18,0,2,79.65,S,,1,0,0,0.225,0,2,1.906604372,1,0,1,,,,,,,,,,,,,-0.1326953873,1.28299884
0,2,male,47,0,0,15,S,,0,1,1,0.5875,0,0,1.204119983,1,0,1,,,,,,,,,,,,,0.4215745178,0.1777250741
1,1,male,60,1,1,79.2,C,,1,0,1,0.75,1,1,1.904174368,0,1,1,,,,,,,,,,,,,0.1380006512,0.7430428774
0,3,male,22,0,0,8.05,S,,0,0,1,0.275,0,0,0.9566485792,1,0,1,,,,,,,,,,,,,0.4188367393,0.1754242142
0,3,male,35,0,0,7.125,S,,0,0,1,0.4375,0,0,0.9098233697,1,0,1,,,,,,,,,,,,,0.326499136,0.1066016858
1,1,female,52,1,0,78.2667,C,,1,0,0,0.65,1,0,1.899090778,0,1,1,,,,,,,,,,,,,0.4569162362,0.2949399745
0,3,male,47,0,0,7.25,S,,0,0,1,0.5875,0,0,0.9164539485,1,0,1,,,,,,,,,,,,,0.2648542266,0.07014776137
0,2,male,37,1,0,26,S,,0,1,1,0.4625,1,0,1.431363764,1,0,1,,,,,,,,,,,,,0.08329638291,0.006938287406
0,3,male,36,1,1,24.15,S,,0,0,1,0.45,1,1,1.400537989,1,0,1,,,,,,,,,,,,,-0.4308021178,0.1855904647
0,3,male,49,0,0,0,S,,0,0,1,0.6125,0,0,0,1,0,1,,,,,,,,,,,,,-0.1795897221,0.0322524683
1,1,male,49,1,0,56.9292,C,,1,0,1,0.6125,1,0,1.762897531,0,1,1,,,,,,,,,,,,,0.6148434219,0.1483455896
1,2,female,24,2,1,27,S,,0,1,0,0.3,2,1,1.447158031,1,0,1,,,,,,,,,,,,,-1.029323251,4.118152857
0,3,male,44,0,0,8.05,S,,0,0,1,0.55,0,0,0.9566485792,1,0,1,,,,,,,,,,,,,0.3000690775,0.09004145129
1,1,male,35,0,0,26.55,C,,1,0,1,0.4375,0,0,1.440121603,0,1,1,,,,,,,,,,,,,1.03748246,0.001404934826
0,3,male,36,1,0,15.55,S,,0,0,1,0.45,1,0,1.218797998,1,0,1,,,,,,,,,,,,,-0.03248949818,0.001055567492
0,3,male,30,0,0,7.8958,S,,0,0,1,0.375,0,0,0.9491850103,1,0,1,,,,,,,,,,,,,0.3721168936,0.1384709825
1,1,male,27,0,0,30.5,S,,1,0,1,0.3375,0,0,1.498310554,1,0,1,,,,,,,,,,,,,0.800313508,0.0398746951
1,2,female,22,1,2,41.5792,C,,0,1,0,0.275,1,2,1.629197497,0,1,1,,,,,,,,,,,,,-0.6090156628,2.588931403
1,1,female,40,0,0,153.4625,S,,1,0,0,0.5,0,0,2.18882306,1,0,1,,,,,,,,,,,,,0.8506933299,0.02229248173
0,3,female,39,1,5,31.275,S,,0,0,0,0.4875,1,5,1.508866251,1,0,1,,,,,,,,,,,,,-2.539147201,6.447268508
0,3,male,35,0,0,8.05,S,,0,0,1,0.4375,0,0,0.9566485792,1,0,1,,,,,,,,,,,,,0.3486558482,0.1215609005
1,2,female,24,1,2,65,S,,0,1,0,0.3,1,2,1.819543936,1,0,1,,,,,,,,,,,,,-0.8376357499,3.376905149
0,3,male,34,1,1,14.4,S,,0,0,1,0.425,1,1,1.187520721,1,0,1,,,,,,,,,,,,,-0.5208003849,0.271233041
0,3,female,26,1,0,16.1,S,,0,0,0,0.325,1,0,1.23299611,1,0,1,,,,,,,,,,,,,-0.1779613456,0.03167024052
1,2,female,4,2,1,39,S,,0,1,0,0.05,2,1,1.602059991,1,0,1,,,,,,,,,,,,,-0.8480562737,3.415311991
0,2,male,26,0,0,10.5,S,,0,1,1,0.325,0,0,1.06069784,1,0,1,,,,,,,,,,,,,0.467079284,0.2181630575
0,3,male,27,1,0,14.4542,C,,0,0,1,0.3375,1,0,1.189046528,0,1,1,,,,,,,,,,,,,0.3099104881,0.09604451063
1,1,male,42,1,0,52.5542,S,,1,0,1,0.525,1,0,1.728793536,1,0,1,,,,,,,,,,,,,0.3286048433,0.4507714564
1,3,male,20,1,1,15.7417,C,,0,0,1,0.25,1,1,1.223799555,0,1,1,,,,,,,,,,,,,-0.1201635858,1.254766459
0,3,male,21,0,0,7.8542,S,,0,0,1,0.2625,0,0,0.9471493277,1,0,1,,,,,,,,,,,,,0.4197404217,0.1761820216
0,3,male,21,0,0,16.1,S,,0,0,1,0.2625,0,0,1.23299611,1,0,1,,,,,,,,,,,,,0.5549971557,0.3080218429
0,1,male,61,0,0,32.3208,S,,1,0,1,0.7625,0,0,1.52271542,1,0,1,,,,,,,,,,,,,0.6283113587,0.3947751635
0,2,male,57,0,0,12.35,Q,,0,1,1,0.7125,0,0,1.125481266,0,0,1,,,,,,,,,,,,,0.5337273104,0.2848648419
1,1,female,21,0,0,77.9583,S,,1,0,0,0.2625,0,0,1.897397789,1,0,1,,,,,,,,,,,,,0.8153690434,0.03408859012
0,3,male,26,0,0,7.8958,S,,0,0,1,0.325,0,0,0.9491850103,1,0,1,,,,,,,,,,,,,0.3937110139,0.1550083625
1,1,male,80,0,0,30,S,,1,0,1,1,0,0,1.491361694,1,0,1,,,,,,,,,,,,,0.5109033582,0.239215525
0,3,male,51,0,0,7.0542,S,,0,0,1,0.6375,0,0,0.9060224097,1,0,1,,,,,,,,,,,,,0.2383241198,0.05679838606
1,1,male,32,0,0,30.5,C,,1,0,1,0.4,0,0,1.498310554,0,1,1,,,,,,,,,,,,,1.081211848,0.006595364243
0,3,female,9,3,2,27.9,S,,0,0,0,0.1125,3,2,1.460897843,1,0,1,,,,,,,,,,,,,-1.946545277,3.789038516
1,2,female,28,0,0,13,S,,0,1,0,0.35,0,0,1.146128036,1,0,1,,,,,,,,,,,,,0.2905306112,0.5033468136
0,3,male,32,0,0,7.925,S,,0,0,1,0.4,0,0,0.9506082248,1,0,1,,,,,,,,,,,,,0.3619932688,0.1310391267
0,2,male,31,1,1,26.25,S,,0,1,1,0.3875,1,1,1.435366507,1,0,1,,,,,,,,,,,,,-0.3667266142,0.1344884096
0,3,female,41,0,5,39.6875,S,,0,0,0,0.5125,0,5,1.609461006,1,0,1,,,,,,,,,,,,,-2.002554469,4.010224403
0,3,male,20,0,0,7.8542,S,,0,0,1,0.25,0,0,0.9471493277,1,0,1,,,,,,,,,,,,,0.4251389518,0.1807431283
1,1,female,24,0,0,69.3,C,,1,0,0,0.3,0,0,1.846955325,0,1,1,,,,,,,,,,,,,1.083196122,0.006921594692
0,3,female,2,3,2,27.9,S,,0,0,0,0.025,3,2,1.460897843,1,0,1,,,,,,,,,,,,,-1.908755567,3.643347813
1,3,female,0.75,2,1,19.2583,C,,0,0,0,0.009375,2,1,1.306602998,0,1,1,,,,,,,,,,,,,-0.6830268711,2.832579449
1,1,male,48,1,0,76.7292,C,,1,0,1,0.6,1,0,1.890584198,0,1,1,,,,,,,,,,,,,0.6806606189,0.1019776403
0,3,male,19,0,0,7.8958,S,,0,0,1,0.2375,0,0,0.9491850103,1,0,1,,,,,,,,,,,,,0.4315007244,0.1861928752
1,1,male,56,0,0,35.5,C,,1,0,1,0.7,0,0,1.562292864,0,1,1,,,,,,,,,,,,,0.9819222206,0.0003268061097
1,3,female,23,0,0,7.55,S,,0,0,0,0.2875,0,0,0.9319661147,1,0,1,,,,,,,,,,,,,0.1955835832,0.6470857716
1,2,female,18,0,1,23,S,,0,1,0,0.225,0,1,1.380211242,1,0,1,,,,,,,,,,,,,-0.0290289904,1.058900663
0,3,male,21,0,0,8.4333,S,,0,0,1,0.2625,0,0,0.9746636462,1,0,1,,,,,,,,,,,,,0.4327596232,0.1872808915
0,3,female,18,0,0,6.75,Q,,0,0,0,0.225,0,0,0.8893017025,0,0,1,,,,,,,,,,,,,0.4057366175,0.1646222028
0,2,male,24,2,0,73.5,S,,0,1,1,0.3,2,0,1.872156273,1,0,1,,,,,,,,,,,,,-0.1377393594,0.01897213112
0,3,female,32,1,1,15.5,Q,,0,0,0,0.4,1,1,1.217483944,0,0,1,,,,,,,,,,,,,-0.4986524577,0.2486542736
0,2,male,23,0,0,13,S,,0,1,1,0.2875,0,0,1.146128036,1,0,1,,,,,,,,,,,,,0.5236986603,0.2742602868
0,1,male,58,0,2,113.275,C,,1,0,1,0.725,0,2,2.05795123,0,1,1,,,,,,,,,,,,,0.2370439744,0.0561898458
1,1,male,50,2,0,133.65,S,,1,0,1,0.625,2,0,2.129206358,1,0,1,,,,,,,,,,,,,-0.0249068561,1.050434064
0,3,male,40,0,0,7.225,C,,0,0,1,0.5,0,0,0.9151359066,0,1,1,,,,,,,,,,,,,0.6099112576,0.3719917422
0,1,male,47,0,0,25.5875,S,,1,0,1,0.5875,0,0,1.424677503,1,0,1,,,,,,,,,,,,,0.6575012829,0.432307937
0,3,male,36,0,0,7.4958,S,,0,0,1,0.45,0,0,0.9292042801,1,0,1,,,,,,,,,,,,,0.3302712484,0.1090790975
1,3,male,20,1,0,7.925,S,,0,0,1,0.25,1,0,0.9506082248,1,0,1,,,,,,,,,,,,,-0.07301482243,1.151360809
0,2,male,32,2,0,73.5,S,,0,1,1,0.4,2,0,1.872156273,1,0,1,,,,,,,,,,,,,-0.1809276,0.03273479644
0,2,male,25,0,0,13,S,,0,1,1,0.3125,0,0,1.146128036,1,0,1,,,,,,,,,,,,,0.5129016002,0.2630680515
0,3,male,43,0,0,8.05,S,,0,0,1,0.5375,0,0,0.9566485792,1,0,1,,,,,,,,,,,,,0.3054676076,0.0933104593
1,2,female,40,1,1,39,S,,0,1,0,0.5,1,1,1.602059991,1,0,1,,,,,,,,,,,,,-0.5426129044,2.379654573
0,1,male,31,1,0,52,S,,1,0,1,0.3875,1,0,1.72427587,1,0,1,,,,,,,,,,,,,0.3858510086,0.1488810009
0,2,male,70,0,0,10.5,S,,0,1,1,0.875,0,0,1.06069784,1,0,1,,,,,,,,,,,,,0.2295439605,0.05269042978
1,2,male,31,0,0,13,S,,0,1,1,0.3875,0,0,1.146128036,1,0,1,,,,,,,,,,,,,0.4805104197,0.2698694241
0,3,male,18,0,0,7.775,S,,0,0,1,0.225,0,0,0.9432471251,1,0,1,,,,,,,,,,,,,0.4340895711,0.1884337558
0,3,male,24.5,0,0,8.05,S,,0,0,1,0.30625,0,0,0.9566485792,1,0,1,,,,,,,,,,,,,0.4053404141,0.1643008513
1,3,female,18,0,0,9.8417,S,,0,0,0,0.225,0,0,1.035097386,1,0,1,,,,,,,,,,,,,0.2713757995,0.5308932256
0,3,female,43,1,6,46.9,S,,0,0,0,0.5375,1,6,1.680335513,1,0,1,,,,,,,,,,,,,-2.963913835,8.784785223
1,1,male,36,0,1,512.3292,C,,1,0,1,0.45,0,1,2.710395969,0,1,1,,,,,,,,,,,,,1.148843067,0.02215425852
1,1,male,27,0,0,76.7292,C,,1,0,1,0.3375,0,0,1.890584198,0,1,1,,,,,,,,,,,,,1.293820203,0.08633031156
0,3,male,20,0,0,9.225,S,,0,0,1,0.25,0,0,1.009663317,1,0,1,,,,,,,,,,,,,0.4547192672,0.2067696119
0,3,male,14,5,2,46.9,S,,0,0,1,0.175,5,2,1.680335513,1,0,1,,,,,,,,,,,,,-2.663110106,7.092155435
0,2,male,60,1,1,39,S,,0,1,1,0.75,1,1,1.602059991,1,0,1,,,,,,,,,,,,,-0.4444081073,0.1974985658
0,2,male,25,1,2,41.5792,C,,0,1,1,0.3125,1,2,1.629197497,0,1,1,,,,,,,,,,,,,-0.4190358543,0.1755910472
0,3,male,14,4,1,39.6875,S,,0,0,1,0.175,4,1,1.609461006,1,0,1,,,,,,,,,,,,,-1.7125478,2.932819967
0,3,male,19,0,0,10.1708,S,,0,0,1,0.2375,0,0,1.048084276,1,0,1,,,,,,,,,,,,,0.4782977938,0.2287687796
0,3,male,18,0,0,7.7958,S,,0,0,1,0.225,0,0,0.9442753458,1,0,1,,,,,,,,,,,,,0.4345761037,0.1888563899
1,1,female,15,0,1,211.3375,S,,1,0,0,0.1875,0,1,2.3270267,1,0,1,,,,,,,,,,,,,0.5667434693,0.1877112214
1,1,male,31,1,0,57,S,,1,0,1,0.3875,1,0,1.763427994,1,0,1,,,,,,,,,,,,,0.4043769769,0.3547667857
1,3,female,4,0,1,13.4167,C,,0,0,0,0.05,0,1,1.158865861,0,1,1,,,,,,,,,,,,,0.2291026795,0.5942826787
0,3,male,25,0,0,7.225,C,,0,0,1,0.3125,0,0,0.9151359066,0,1,1,,,,,,,,,,,,,0.6908892088,0.4773278988
0,1,male,60,0,0,26.55,S,,1,0,1,0.75,0,0,1.440121603,1,0,1,,,,,,,,,,,,,0.5946282179,0.3535827175
0,2,male,52,0,0,13.5,S,,0,1,1,0.65,0,0,1.161368002,1,0,1,,,,,,,,,,,,,0.3743525222,0.1401398109
0,3,male,44,0,0,8.05,S,,0,0,1,0.55,0,0,0.9566485792,1,0,1,,,,,,,,,,,,,0.3000690775,0.09004145129
0,1,male,49,1,1,110.8833,C,,1,0,1,0.6125,1,1,2.048765267,0,1,1,,,,,,,,,,,,,0.2658018789,0.07065063885
0,3,male,42,0,0,7.65,S,,0,0,1,0.525,0,0,0.9370161075,1,0,1,,,,,,,,,,,,,0.3015764617,0.09094836222
1,1,female,18,1,0,227.525,C,,1,0,0,0.225,1,0,2.358933718,0,1,1,,,,,,,,,,,,,0.8580543442,0.0201485692
1,1,male,35,0,0,26.2875,S,,1,0,1,0.4375,0,0,1.435963749,1,0,1,,,,,,,,,,,,,0.7276240599,0.07418865274
0,3,female,18,0,1,14.4542,C,,0,0,0,0.225,0,1,1.189046528,0,1,1,,,,,,,,,,,,,0.1678041204,0.02815822283
0,3,male,25,0,0,7.7417,Q,,0,0,1,0.3125,0,0,0.9415958982,0,0,1,,,,,,,,,,,,,0.598866828,0.3586414777
0,3,male,26,1,0,7.8542,S,,0,0,1,0.325,1,0,0.9471493277,1,0,1,,,,,,,,,,,,,-0.1070426809,0.01145813553
0,2,male,39,0,0,26,S,,0,1,1,0.4875,0,0,1.431363764,1,0,1,,,,,,,,,,,,,0.5722897749,0.3275155865
1,2,female,45,0,0,13.5,S,,0,1,0,0.5625,0,0,1.161368002,1,0,1,,,,,,,,,,,,,0.2059668341,0.6304886686
1,1,male,42,0,0,26.2875,S,,1,0,1,0.525,0,0,1.435963749,1,0,1,,,,,,,,,,,,,0.6898343493,0.09620273085
1,1,female,22,0,0,151.55,S,,1,0,0,0.275,0,0,2.183412212,1,0,1,,,,,,,,,,,,,0.9453065711,0.002991371162
1,1,female,24,0,0,49.5042,C,,1,0,0,0.3,0,0,1.703327496,0,1,1,,,,,,,,,,,,,1.01523443,0.000232087849
1,1,male,48,1,0,52,S,,1,0,1,0.6,1,0,1.72427587,1,0,1,,,,,,,,,,,,,0.2940759973,0.4983286976
0,3,male,29,0,0,9.4833,S,,0,0,1,0.3625,0,0,1.020498014,1,0,1,,,,,,,,,,,,,0.4112592493,0.1691341701
0,2,male,52,0,0,13,S,,0,1,1,0.65,0,0,1.146128036,1,0,1,,,,,,,,,,,,,0.367141288,0.1347927254
0,3,male,19,0,0,7.65,S,,0,0,1,0.2375,0,0,0.9370161075,1,0,1,,,,,,,,,,,,,0.4257426535,0.181256807
1,1,female,38,0,0,227.525,C,,1,0,0,0.475,0,0,2.358933718,0,1,1,,,,,,,,,,,,,1.249874195,0.06243711322
1,2,female,27,0,0,10.5,S,,0,1,0,0.3375,0,0,1.06069784,1,0,1,,,,,,,,,,,,,0.2555053552,0.5542722762
0,3,male,33,0,0,7.775,S,,0,0,1,0.4125,0,0,0.9432471251,1,0,1,,,,,,,,,,,,,0.3531116199,0.1246878161
1,2,female,6,0,1,33,S,,0,1,0,0.075,0,1,1.531478917,1,0,1,,,,,,,,,,,,,0.1073300787,0.7968595885
0,3,male,17,1,0,7.0542,S,,0,0,1,0.2125,1,0,0.9060224097,1,0,1,,,,,,,,,,,,,-0.0779163097,0.006070951318
0,2,male,34,0,0,13,S,,0,1,1,0.425,0,0,1.146128036,1,0,1,,,,,,,,,,,,,0.4643148295,0.2155882608
0,2,male,50,0,0,13,S,,0,1,1,0.625,0,0,1.146128036,1,0,1,,,,,,,,,,,,,0.3779383482,0.142837395
1,1,male,27,1,0,53.1,S,,1,0,1,0.3375,1,0,1.733197265,1,0,1,,,,,,,,,,,,,0.4116665472,0.3461362517
0,3,male,20,0,0,8.6625,S,,0,0,1,0.25,0,0,0.9850895069,1,0,1,,,,,,,,,,,,,0.4430914531,0.1963300358
1,2,female,30,3,0,21,S,,0,1,0,0.375,3,0,1.342422681,1,0,1,,,,,,,,,,,,,-1.126755275,4.523087999
0,2,male,25,1,0,26,S,,0,1,1,0.3125,1,0,1.431363764,1,0,1,,,,,,,,,,,,,0.1480787439,0.02192731439
0,3,female,25,1,0,7.925,S,,0,0,0,0.3125,1,0,0.9506082248,1,0,1,,,,,,,,,,,,,-0.3061828716,0.09374795084
1,1,female,29,0,0,211.3375,S,,1,0,0,0.3625,0,0,2.3270267,1,0,1,,,,,,,,,,,,,0.97547224,0.0006016110109
0,3,male,11,0,0,18.7875,C,,0,0,1,0.1375,0,0,1.296390928,0,1,1,,,,,,,,,,,,,0.9468705519,0.8965638421
0,2,male,23,0,0,13,S,,0,1,1,0.2875,0,0,1.146128036,1,0,1,,,,,,,,,,,,,0.5236986603,0.2742602868
0,2,male,23,0,0,13,S,,0,1,1,0.2875,0,0,1.146128036,1,0,1,,,,,,,,,,,,,0.5236986603,0.2742602868
0,3,male,28.5,0,0,16.1,S,,0,0,1,0.35625,0,0,1.23299611,1,0,1,,,,,,,,,,,,,0.5145081801,0.2647186674
0,3,female,48,1,3,34.375,S,,0,0,0,0.6,1,3,1.548696449,1,0,1,,,,,,,,,,,,,-1.600270769,2.560866535
1,1,male,35,0,0,512.3292,C,,1,0,1,0.4375,0,0,2.710395969,0,1,1,,,,,,,,,,,,,1.638549789,0.4077458326
0,1,male,36,1,0,78.85,S,,1,0,1,0.45,1,0,1.90227492,1,0,1,,,,,,,,,,,,,0.4430837955,0.1963232499
1,1,female,21,2,2,262.375,C,,1,0,0,0.2625,2,2,2.420574549,0,1,1,,,,,,,,,,,,,-0.5973809267,2.551625825
0,3,male,24,1,0,16.1,S,,0,0,1,0.3,1,0,1.23299611,1,0,1,,,,,,,,,,,,,0.0390111133,0.001521866961
1,3,male,31,0,0,7.925,S,,0,0,1,0.3875,0,0,0.9506082248,1,0,1,,,,,,,,,,,,,0.3673917989,0.4001931361
0,1,male,70,1,1,71,S,,1,0,1,0.875,1,1,1.857332496,1,0,1,,,,,,,,,,,,,-0.2460402365,0.06053579796
0,3,male,16,1,1,20.25,S,,0,0,1,0.2,1,1,1.327358934,1,0,1,,,,,,,,,,,,,-0.3574583183,0.1277764493
1,2,female,30,0,0,13,S,,0,1,0,0.375,0,0,1.146128036,1,0,1,,,,,,,,,,,,,0.279733551,0.5187837575
0,1,male,19,1,0,53.1,S,,1,0,1,0.2375,1,0,1.733197265,1,0,1,,,,,,,,,,,,,0.4548547878,0.206892878
0,3,male,31,0,0,7.75,Q,,0,0,1,0.3875,0,0,0.942008053,0,0,1,,,,,,,,,,,,,0.5666706706,0.321115649
1,2,female,4,1,1,23,S,,0,1,0,0.05,1,1,1.380211242,1,0,1,,,,,,,,,,,,,-0.4532400215,2.11190656
1,3,male,6,0,1,12.475,S,,0,0,1,0.075,0,1,1.129528774,1,0,1,,,,,,,,,,,,,0.1027083301,0.805132341
0,3,male,33,0,0,9.5,S,,0,0,1,0.4125,0,0,1.021189299,1,0,1,,,,,,,,,,,,,0.3899922305,0.1520939399
0,3,male,23,0,0,7.8958,S,,0,0,1,0.2875,0,0,0.9491850103,1,0,1,,,,,,,,,,,,,0.4099066041,0.1680234241
1,2,female,48,1,2,65,S,,0,1,0,0.6,1,2,1.819543936,1,0,1,,,,,,,,,,,,,-0.9672004719,3.869877696
1,2,male,0.67,1,1,14.5,S,,0,1,1,0.008375,1,1,1.190331698,1,0,1,,,,,,,,,,,,,-0.3189345562,1.739588363
0,3,male,28,0,0,7.7958,S,,0,0,1,0.35,0,0,0.9442753458,1,0,1,,,,,,,,,,,,,0.3805908029,0.1448493592
0,2,male,18,0,0,11.5,S,,0,1,1,0.225,0,0,1.096910013,1,0,1,,,,,,,,,,,,,0.5274023692,0.2781532591
0,3,male,34,0,0,8.05,S,,0,0,1,0.425,0,0,0.9566485792,1,0,1,,,,,,,,,,,,,0.3540543783,0.1253545028
1,1,female,33,0,0,86.5,S,,1,0,0,0.4125,0,0,1.942008053,1,0,1,,,,,,,,,,,,,0.7716953286,0.05212302298
0,3,male,41,0,0,7.125,S,,0,0,1,0.5125,0,0,0.9098233697,1,0,1,,,,,,,,,,,,,0.2941079555,0.0864994895
1,3,male,20,0,0,7.2292,C,,0,0,1,0.25,0,0,0.9153576174,0,1,1,,,,,,,,,,,,,0.7179867681,0.07953146295
1,1,female,36,1,2,120,S,,1,0,0,0.45,1,2,2.08278537,1,0,1,,,,,,,,,,,,,-0.646294208,2.710284619
0,3,male,16,0,0,7.775,S,,0,0,1,0.2,0,0,0.9432471251,1,0,1,,,,,,,,,,,,,0.4448866313,0.1979241147
1,1,female,51,1,0,77.9583,S,,1,0,0,0.6375,1,0,1.897397789,1,0,1,,,,,,,,,,,,,0.1536226889,0.7163545528
0,3,female,30.5,0,0,7.75,Q,,0,0,0,0.38125,0,0,0.942008053,0,0,1,,,,,,,,,,,,,0.3631945369,0.1319102717
0,3,male,32,0,0,8.3625,S,,0,0,1,0.4,0,0,0.9713918307,1,0,1,,,,,,,,,,,,,0.3718276375,0.138255792
0,3,male,24,0,0,9.5,S,,0,0,1,0.3,0,0,1.021189299,1,0,1,,,,,,,,,,,,,0.4385790013,0.1923515404
0,3,male,48,0,0,7.8542,S,,0,0,1,0.6,0,0,0.9471493277,1,0,1,,,,,,,,,,,,,0.2739801096,0.07506510044
0,2,female,57,0,0,10.5,S,,0,1,0,0.7125,0,0,1.06069784,1,0,1,,,,,,,,,,,,,0.09354945277,0.008751500114
1,2,female,54,1,3,23,S,,0,1,0,0.675,1,3,1.380211242,1,0,1,,,,,,,,,,,,,-1.691782909,7.24569523
0,3,male,18,0,0,7.75,S,,0,0,1,0.225,0,0,0.942008053,1,0,1,,,,,,,,,,,,,0.4335032681,0.1879250834
1,3,female,5,0,0,12.475,S,,0,0,0,0.0625,0,0,1.129528774,1,0,1,,,,,,,,,,,,,0.3862396533,0.3767017632
1,1,female,43,0,1,211.3375,S,,1,0,0,0.5375,0,1,2.3270267,1,0,1,,,,,,,,,,,,,0.415584627,0.3415413282
1,3,female,13,0,0,7.2292,C,,0,0,0,0.1625,0,0,0.9153576174,0,1,1,,,,,,,,,,,,,0.54960108,0.2028591872
1,1,female,17,1,0,57,S,,1,0,0,0.2125,1,0,1.763427994,1,0,1,,,,,,,,,,,,,0.2737809993,0.527394037
0,1,male,29,0,0,30,S,,1,0,1,0.3625,0,0,1.491361694,1,0,1,,,,,,,,,,,,,0.7862283923,0.6181550848
0,3,male,25,0,0,7.05,S,,0,0,1,0.3125,0,0,0.9057958804,1,0,1,,,,,,,,,,,,,0.3785787129,0.1433218419
0,3,male,25,0,0,7.25,S,,0,0,1,0.3125,0,0,0.9164539485,1,0,1,,,,,,,,,,,,,0.3836218884,0.1471657533
1,3,female,18,0,0,7.4958,S,,0,0,0,0.225,0,0,0.9292042801,1,0,1,,,,,,,,,,,,,0.2212693911,0.6064213612
0,3,male,8,4,1,29.125,Q,,0,0,1,0.1,4,1,1.478927056,0,0,1,,,,,,,,,,,,,-1.538574268,2.367210778
1,3,male,1,1,2,20.575,S,,0,0,1,0.0125,1,2,1.333950804,1,0,1,,,,,,,,,,,,,-0.7576694236,3.089401803
0,1,male,46,0,0,79.2,C,,1,0,1,0.575,0,0,1.904174368,0,1,1,,,,,,,,,,,,,1.197678716,1.434434308
0,2,male,16,0,0,26,S,,0,1,1,0.2,0,0,1.431363764,1,0,1,,,,,,,,,,,,,0.6964559668,0.4850509137
0,3,male,25,0,0,7.8958,S,,0,0,1,0.3125,0,0,0.9491850103,1,0,1,,,,,,,,,,,,,0.399109544,0.1592884281
0,2,male,39,0,0,13,S,,0,1,1,0.4875,0,0,1.146128036,1,0,1,,,,,,,,,,,,,0.4373221791,0.1912506883
1,1,female,49,0,0,25.9292,S,,1,0,0,0.6125,0,0,1.430223452,1,0,1,,,,,,,,,,,,,0.4431530513,0.3100785243
1,3,female,31,0,0,8.6833,S,,0,0,0,0.3875,0,0,0.986023387,1,0,1,,,,,,,,,,,,,0.1779741161,0.6757265539
0,3,male,30,0,0,7.2292,C,,0,0,1,0.375,0,0,0.9153576174,0,1,1,,,,,,,,,,,,,0.6640014673,0.4408979486
0,3,female,30,1,1,24.15,S,,0,0,0,0.375,1,1,1.400537989,1,0,1,,,,,,,,,,,,,-0.604586336,0.3655246377
0,2,male,34,0,0,13,S,,0,1,1,0.425,0,0,1.146128036,1,0,1,,,,,,,,,,,,,0.4643148295,0.2155882608
1,2,female,31,1,1,26.25,S,,0,1,0,0.3875,1,1,1.435366507,1,0,1,,,,,,,,,,,,,-0.572902013,2.474020742
1,1,male,11,1,2,120,S,,1,0,1,0.1375,1,2,2.08278537,1,0,1,,,,,,,,,,,,,-0.3051555573,1.703431029
1,3,male,0.42,0,1,8.5167,C,,0,0,1,0.00525,0,1,0.978486379,0,1,1,,,,,,,,,,,,,0.3692530082,0.3978417677
1,3,male,27,0,0,6.975,S,,0,0,1,0.3375,0,0,0.9017306917,1,0,1,,,,,,,,,,,,,0.3658580903,0.4021359617
0,3,male,31,0,0,7.775,S,,0,0,1,0.3875,0,0,0.9432471251,1,0,1,,,,,,,,,,,,,0.3639086801,0.1324295275
0,1,male,39,0,0,0,S,,1,0,1,0.4875,0,0,0,1,0,1,,,,,,,,,,,,,0.02656185199,0.0007055319811
0,3,female,18,0,0,7.775,S,,0,0,0,0.225,0,0,0.9432471251,1,0,1,,,,,,,,,,,,,0.2279141724,0.05194486999
0,2,male,39,0,0,13,S,,0,1,1,0.4875,0,0,1.146128036,1,0,1,,,,,,,,,,,,,0.4373221791,0.1912506883
1,1,female,33,1,0,53.1,S,,1,0,0,0.4125,1,0,1.733197265,1,0,1,,,,,,,,,,,,,0.173099968,0.683763663
0,3,male,26,0,0,7.8875,S,,0,0,1,0.325,0,0,0.9487796137,1,0,1,,,,,,,,,,,,,0.3935191887,0.1548573519
0,3,male,39,0,0,24.15,S,,0,0,1,0.4875,0,0,1.400537989,1,0,1,,,,,,,,,,,,,0.537100936,0.2884774155
0,2,male,35,0,0,10.5,S,,0,1,1,0.4375,0,0,1.06069784,1,0,1,,,,,,,,,,,,,0.4184925133,0.1751359837
0,3,female,6,4,2,31.275,S,,0,0,0,0.075,4,2,1.508866251,1,0,1,,,,,,,,,,,,,-2.407442489,5.795779339
0,3,male,30.5,0,0,8.05,S,,0,0,1,0.38125,0,0,0.9566485792,1,0,1,,,,,,,,,,,,,0.3729492336,0.1390911309
0,3,female,23,0,0,7.925,S,,0,0,0,0.2875,0,0,0.9506082248,1,0,1,,,,,,,,,,,,,0.2044046408,0.04178125718
0,2,male,31,1,1,37.0042,C,,0,1,1,0.3875,1,1,1.579831595,0,1,1,,,,,,,,,,,,,0.009522241939,0.00009067309154
0,3,male,43,0,0,6.45,S,,0,0,1,0.5375,0,0,0.8721562727,1,0,1,,,,,,,,,,,,,0.2654876109,0.07048367157
0,3,male,10,3,2,27.9,S,,0,0,1,0.125,3,2,1.460897843,1,0,1,,,,,,,,,,,,,-1.745768409,3.047707336
1,1,female,52,1,1,93.5,S,,1,0,0,0.65,1,1,1.975431809,1,0,1,,,,,,,,,,,,,-0.2991599632,1.68781661
1,3,male,27,0,0,8.6625,S,,0,0,1,0.3375,0,0,0.9850895069,1,0,1,,,,,,,,,,,,,0.4053017425,0.3536660174
0,1,male,38,0,0,0,S,,1,0,1,0.475,0,0,0,1,0,1,,,,,,,,,,,,,0.03196038207,0.001021466022
1,3,female,27,0,1,12.475,S,,0,0,0,0.3375,0,1,1.129528774,1,0,1,,,,,,,,,,,,,-0.2168362004,1.480690338
0,3,male,2,4,1,39.6875,S,,0,0,1,0.025,4,1,1.609461006,1,0,1,,,,,,,,,,,,,-1.647765439,2.715130942
1,2,male,1,0,2,37.0042,C,,0,1,1,0.0125,0,2,1.579831595,0,1,1,,,,,,,,,,,,,0.1869604047,0.6610333836
1,3,female,15,1,0,14.4542,C,,0,0,0,0.1875,1,0,1.189046528,0,1,1,,,,,,,,,,,,,0.1685174503,0.6913632304
1,2,male,0.83,1,1,18.75,S,,0,1,1,0.010375,1,1,1.2955671,1,0,1,,,,,,,,,,,,,-0.2700031243,1.612907936
0,3,male,23,0,0,7.8542,S,,0,0,1,0.2875,0,0,0.9471493277,1,0,1,,,,,,,,,,,,,0.4089433616,0.167234673
0,3,male,18,0,0,8.3,S,,0,0,1,0.225,0,0,0.9684829486,1,0,1,,,,,,,,,,,,,0.4460306363,0.1989433285
1,1,female,39,1,1,83.1583,C,,1,0,0,0.4875,1,1,1.925096954,0,1,1,,,,,,,,,,,,,0.05509451525,0.8928463751
0,3,male,21,0,0,8.6625,S,,0,0,1,0.2625,0,0,0.9850895069,1,0,1,,,,,,,,,,,,,0.437692923,0.1915750949
1,3,male,32,0,0,56.4958,S,,0,0,1,0.4,0,0,1.759636121,1,0,1,,,,,,,,,,,,,0.7448083907,0.06512275744
0,3,male,20,0,0,7.925,S,,0,0,1,0.25,0,0,0.9506082248,1,0,1,,,,,,,,,,,,,0.4267756298,0.1821374382
0,2,male,16,0,0,10.5,S,,0,1,1,0.2,0,0,1.06069784,1,0,1,,,,,,,,,,,,,0.5210645848,0.2715083015
1,1,female,30,0,0,31,C,,1,0,0,0.375,0,0,1.505149978,0,1,1,,,,,,,,,,,,,0.8890697824,0.01230551319
0,3,male,34.5,0,0,6.4375,C,,0,0,1,0.43125,0,0,0.8714269787,0,1,1,,,,,,,,,,,,,0.6189210203,0.3830632293
0,3,male,17,0,0,8.6625,S,,0,0,1,0.2125,0,0,0.9850895069,1,0,1,,,,,,,,,,,,,0.4592870433,0.2109445882
0,3,male,42,0,0,7.55,S,,0,0,1,0.525,0,0,0.9319661147,1,0,1,,,,,,,,,,,,,0.2991869104,0.08951280738
0,3,male,35,0,0,7.8958,C,,0,0,1,0.4375,0,0,0.9491850103,0,1,1,,,,,,,,,,,,,0.6530152335,0.4264288952
0,2,male,28,0,1,33,S,,0,1,1,0.35,0,1,1.531478917,1,0,1,,,,,,,,,,,,,0.1947378156,0.03792281683
0,3,male,4,4,2,31.275,S,,0,0,1,0.05,4,2,1.508866251,1,0,1,,,,,,,,,,,,,-2.19047003,4.798158954
0,3,male,74,0,0,7.775,S,,0,0,1,0.925,0,0,0.9432471251,1,0,1,,,,,,,,,,,,,0.1317718867,0.01736383011
0,3,female,9,1,1,15.2458,C,,0,0,0,0.1125,1,1,1.210741102,0,1,1,,,,,,,,,,,,,-0.2731341412,0.0746022591
1,1,female,16,0,1,39.4,S,,1,0,0,0.2,0,1,1.606381365,1,0,1,,,,,,,,,,,,,0.2203506015,0.6078531845
0,2,female,44,1,0,26,S,,0,1,0,0.55,1,0,1.431363764,1,0,1,,,,,,,,,,,,,-0.1606687264,0.02581443964
1,3,female,18,0,1,9.35,S,,0,0,0,0.225,0,1,1.01494035,1,0,1,,,,,,,,,,,,,-0.2224702813,1.494433589
1,1,female,45,1,1,164.8667,S,,1,0,0,0.5625,1,1,2.219759204,1,0,1,,,,,,,,,,,,,-0.1457596263,1.312765121
1,1,male,51,0,0,26.55,S,,1,0,1,0.6375,0,0,1.440121603,1,0,1,,,,,,,,,,,,,0.6432149886,0.1272955443
1,3,female,24,0,3,19.2583,C,,0,0,0,0.3,0,3,1.306602998,0,1,1,,,,,,,,,,,,,-0.7775781748,3.159784168
0,3,male,41,2,0,14.1083,S,,0,0,1,0.5125,2,0,1.1792156,1,0,1,,,,,,,,,,,,,-0.5780021658,0.3340865037
0,2,male,21,1,0,11.5,S,,0,1,1,0.2625,1,0,1.096910013,1,0,1,,,,,,,,,,,,,0.0114163268,0.0001303325176
1,1,female,48,0,0,25.9292,S,,1,0,0,0.6,0,0,1.430223452,1,0,1,,,,,,,,,,,,,0.4485515814,0.3040953584
0,2,male,24,0,0,13,S,,0,1,1,0.3,0,0,1.146128036,1,0,1,,,,,,,,,,,,,0.5183001303,0.268635025
1,2,female,42,0,0,13,S,,0,1,0,0.525,0,0,1.146128036,1,0,1,,,,,,,,,,,,,0.2149511901,0.616301634
1,2,female,27,1,0,13.8583,C,,0,1,0,0.3375,1,0,1.171969123,0,1,1,,,,,,,,,,,,,0.1162571428,0.7810014377
0,1,male,31,0,0,50.4958,S,,1,0,1,0.3875,0,0,1.711771809,1,0,1,,,,,,,,,,,,,0.8797248004,0.7739157244
1,3,male,4,1,1,11.1333,S,,0,0,1,0.05,1,1,1.083978936,1,0,1,,,,,,,,,,,,,-0.407838295,1.982008665
0,3,male,26,0,0,7.8958,S,,0,0,1,0.325,0,0,0.9491850103,1,0,1,,,,,,,,,,,,,0.3937110139,0.1550083625
1,1,female,47,1,1,52.5542,S,,1,0,0,0.5875,1,1,1.728793536,1,0,1,,,,,,,,,,,,,-0.3888713977,1.928963759
0,1,male,33,0,0,5,S,,1,0,1,0.4125,0,0,0.7781512504,1,0,1,,,,,,,,,,,,,0.4271579697,0.1824639311
0,3,male,47,0,0,9,S,,0,0,1,0.5875,0,0,1,1,0,1,,,,,,,,,,,,,0.3043864752,0.09265112627
1,2,female,28,1,0,24,C,,0,1,0,0.35,1,0,1.397940009,0,1,1,,,,,,,,,,,,,0.2177833215,0.6118629322
1,3,female,15,0,0,7.225,C,,0,0,0,0.1875,0,0,0.9151359066,0,1,1,,,,,,,,,,,,,0.5386991109,0.2127985103
0,3,male,20,0,0,9.8458,S,,0,0,1,0.25,0,0,1.035261592,1,0,1,,,,,,,,,,,,,0.4668318368,0.2179319639
0,3,male,19,0,0,7.8958,S,,0,0,1,0.2375,0,0,0.9491850103,1,0,1,,,,,,,,,,,,,0.4315007244,0.1861928752
1,1,female,56,0,1,83.1583,C,,1,0,0,0.7,0,1,1.925096954,0,1,1,,,,,,,,,,,,,0.4631099561,0.2882509193
1,2,female,25,0,1,26,S,,0,1,0,0.3125,0,1,1.431363764,1,0,1,,,,,,,,,,,,,-0.04261439453,1.087044776
0,3,male,33,0,0,7.8958,S,,0,0,1,0.4125,0,0,0.9491850103,1,0,1,,,,,,,,,,,,,0.3559213033,0.1266799742
0,3,female,22,0,0,10.5167,S,,0,0,0,0.275,0,0,1.061328054,1,0,1,,,,,,,,,,,,,0.2621934841,0.06874542311
0,2,male,28,0,0,10.5,S,,0,1,1,0.35,0,0,1.06069784,1,0,1,,,,,,,,,,,,,0.4562822238,0.2081934678
0,3,male,25,0,0,7.05,S,,0,0,1,0.3125,0,0,0.9057958804,1,0,1,,,,,,,,,,,,,0.3785787129,0.1433218419
0,3,female,39,0,5,29.125,Q,,0,0,0,0.4875,0,5,1.478927056,0,0,1,,,,,,,,,,,,,-1.850175058,3.423147744
0,2,male,27,0,0,13,S,,0,1,1,0.3375,0,0,1.146128036,1,0,1,,,,,,,,,,,,,0.50210454,0.2521089691
1,1,female,19,0,0,30,S,,1,0,0,0.2375,0,0,1.491361694,1,0,1,,,,,,,,,,,,,0.6340382943,0.13392797
1,1,male,26,0,0,30,C,,1,0,1,0.325,0,0,1.491361694,0,1,1,,,,,,,,,,,,,1.110314973,0.01216939323
0,3,male,32,0,0,7.75,Q,,0,0,1,0.4,0,0,0.942008053,0,0,1, ,,,,,,,,,,,,0.5612721405,0.3150264158